2026-09-02 21:41:53.477: [INFO] CurrentProfilePath: C:\Users\alex_\Desktop\Curso de Java\workspace\.metadata\.plugins\org.eclipse.swt\EBWebView\Default
2026-09-02 21:41:53.477: [INFO] Profiles total count: 1
2026-09-02 21:41:53.477: [INFO] Profile: name=Perfil 1 path=C:\Users\alex_\Desktop\Curso de Java\workspace\.metadata\.plugins\org.eclipse.swt\EBWebView\Default lastActive=null
2026-09-02 21:41:53.477: [INFO] LastUsedProfileDir: C:\Users\alex_\Desktop\Curso de Java\workspace\.metadata\.plugins\org.eclipse.swt\EBWebView\Default
2026-09-02 21:41:53.477: [INFO] OnDoneLoading sync enabled: 0
2026-09-02 21:41:53.477: [INFO] BookmarkModelLoaded, ids_reassigned: 0
2026-09-02 21:41:53.477: [INFO] BookmarksLoadDropped droppedNodes=0
2026-09-02 21:41:53.477: [INFO] BookmarksSnapshot Startup total=0 bar=0 other=0 mobile=0 showBar=0 showBarNTP=1
2026-09-02 21:42:03.613: [INFO] BookmarksSnapshot Shutdown total=0 bar=0 other=0 mobile=0 showBar=0 showBarNTP=1
2026-09-02 21:54:05.506: [INFO] CurrentProfilePath: C:\Users\alex_\Desktop\Curso de Java\workspace\.metadata\.plugins\org.eclipse.swt\EBWebView\Default
2026-09-02 21:54:05.506: [INFO] Profiles total count: 1
2026-09-02 21:54:05.506: [INFO] Profile: name=Perfil 1 path=C:\Users\alex_\Desktop\Curso de Java\workspace\.metadata\.plugins\org.eclipse.swt\EBWebView\Default lastActive=null
2026-09-02 21:54:05.506: [INFO] LastUsedProfileDir: C:\Users\alex_\Desktop\Curso de Java\workspace\.metadata\.plugins\org.eclipse.swt\EBWebView\Default
2026-09-02 21:54:05.506: [INFO] OnDoneLoading sync enabled: 0
2026-09-02 21:54:05.506: [INFO] BookmarkModelLoaded, ids_reassigned: 0
2026-09-02 21:54:05.506: [INFO] BookmarksLoadDropped droppedNodes=0
2026-09-02 21:54:05.506: [INFO] BookmarksSnapshot Startup total=0 bar=0 other=0 mobile=0 showBar=0 showBarNTP=1
2026-09-02 21:54:08.211: [INFO] BookmarksSnapshot Shutdown total=0 bar=0 other=0 mobile=0 showBar=0 showBarNTP=1
2026-09-03 20:09:24.498: [INFO] CurrentProfilePath: C:\Users\alex_\Desktop\Curso de Java\workspace\.metadata\.plugins\org.eclipse.swt\EBWebView\Default
2026-09-03 20:09:24.498: [INFO] Profiles total count: 1
2026-09-03 20:09:24.498: [INFO] Profile: name=Perfil 1 path=C:\Users\alex_\Desktop\Curso de Java\workspace\.metadata\.plugins\org.eclipse.swt\EBWebView\Default lastActive=null
2026-09-03 20:09:24.498: [INFO] LastUsedProfileDir: C:\Users\alex_\Desktop\Curso de Java\workspace\.metadata\.plugins\org.eclipse.swt\EBWebView\Default
2026-09-03 20:09:24.498: [INFO] OnDoneLoading sync enabled: 0
2026-09-03 20:09:24.498: [INFO] BookmarkModelLoaded, ids_reassigned: 0
2026-09-03 20:09:24.498: [INFO] BookmarksLoadDropped droppedNodes=0
2026-09-03 20:09:24.498: [INFO] BookmarksSnapshot Startup total=0 bar=0 other=0 mobile=0 showBar=0 showBarNTP=1
2026-09-03 20:09:28.734: [INFO] BookmarksSnapshot Shutdown total=0 bar=0 other=0 mobile=0 showBar=0 showBarNTP=1
2026-09-03 20:10:33.420: [INFO] CurrentProfilePath: C:\Users\alex_\Desktop\Curso de Java\workspace\.metadata\.plugins\org.eclipse.swt\EBWebView\Default
2026-09-03 20:10:33.420: [INFO] Profiles total count: 1
2026-09-03 20:10:33.420: [INFO] Profile: name=Perfil 1 path=C:\Users\alex_\Desktop\Curso de Java\workspace\.metadata\.plugins\org.eclipse.swt\EBWebView\Default lastActive=null
2026-09-03 20:10:33.420: [INFO] LastUsedProfileDir: C:\Users\alex_\Desktop\Curso de Java\workspace\.metadata\.plugins\org.eclipse.swt\EBWebView\Default
2026-09-03 20:10:33.420: [INFO] OnDoneLoading sync enabled: 0
2026-09-03 20:10:33.420: [INFO] BookmarkModelLoaded, ids_reassigned: 0
2026-09-03 20:10:33.420: [INFO] BookmarksLoadDropped droppedNodes=0
2026-09-03 20:10:33.420: [INFO] BookmarksSnapshot Startup total=0 bar=0 other=0 mobile=0 showBar=0 showBarNTP=1
2026-09-03 20:15:08.506: [INFO] BookmarksSnapshot Shutdown total=0 bar=0 other=0 mobile=0 showBar=0 showBarNTP=1
2026-09-03 20:16:50.314: [INFO] CurrentProfilePath: C:\Users\alex_\Desktop\Curso de Java\workspace\.metadata\.plugins\org.eclipse.swt\EBWebView\Default
2026-09-03 20:16:50.314: [INFO] Profiles total count: 1
2026-09-03 20:16:50.314: [INFO] Profile: name=Perfil 1 path=C:\Users\alex_\Desktop\Curso de Java\workspace\.metadata\.plugins\org.eclipse.swt\EBWebView\Default lastActive=null
2026-09-03 20:16:50.314: [INFO] LastUsedProfileDir: C:\Users\alex_\Desktop\Curso de Java\workspace\.metadata\.plugins\org.eclipse.swt\EBWebView\Default
2026-09-03 20:16:50.314: [INFO] OnDoneLoading sync enabled: 0
2026-09-03 20:16:50.314: [INFO] BookmarkModelLoaded, ids_reassigned: 0
2026-09-03 20:16:50.314: [INFO] BookmarksLoadDropped droppedNodes=0
2026-09-03 20:16:50.314: [INFO] BookmarksSnapshot Startup total=0 bar=0 other=0 mobile=0 showBar=0 showBarNTP=1
2026-09-03 20:20:36.409: [INFO] BookmarksSnapshot Shutdown total=0 bar=0 other=0 mobile=0 showBar=0 showBarNTP=1
2026-09-03 20:20:51.466: [INFO] CurrentProfilePath: C:\Users\alex_\Desktop\Curso de Java\workspace\.metadata\.plugins\org.eclipse.swt\EBWebView\Default
2026-09-03 20:20:51.466: [INFO] Profiles total count: 1
2026-09-03 20:20:51.466: [INFO] Profile: name=Perfil 1 path=C:\Users\alex_\Desktop\Curso de Java\workspace\.metadata\.plugins\org.eclipse.swt\EBWebView\Default lastActive=null
2026-09-03 20:20:51.466: [INFO] LastUsedProfileDir: C:\Users\alex_\Desktop\Curso de Java\workspace\.metadata\.plugins\org.eclipse.swt\EBWebView\Default
2026-09-03 20:20:51.466: [INFO] OnDoneLoading sync enabled: 0
2026-09-03 20:20:51.466: [INFO] BookmarkModelLoaded, ids_reassigned: 0
2026-09-03 20:20:51.466: [INFO] BookmarksLoadDropped droppedNodes=0
2026-09-03 20:20:51.466: [INFO] BookmarksSnapshot Startup total=0 bar=0 other=0 mobile=0 showBar=0 showBarNTP=1
2026-09-03 20:30:42.181: [INFO] BookmarksSnapshot Shutdown total=0 bar=0 other=0 mobile=0 showBar=0 showBarNTP=1
2026-09-03 20:35:36.765: [INFO] CurrentProfilePath: C:\Users\alex_\Desktop\Curso de Java\workspace\.metadata\.plugins\org.eclipse.swt\EBWebView\Default
2026-09-03 20:35:36.765: [INFO] Profiles total count: 1
2026-09-03 20:35:36.765: [INFO] Profile: name=Perfil 1 path=C:\Users\alex_\Desktop\Curso de Java\workspace\.metadata\.plugins\org.eclipse.swt\EBWebView\Default lastActive=null
2026-09-03 20:35:36.765: [INFO] LastUsedProfileDir: C:\Users\alex_\Desktop\Curso de Java\workspace\.metadata\.plugins\org.eclipse.swt\EBWebView\Default
2026-09-03 20:35:36.765: [INFO] OnDoneLoading sync enabled: 0
2026-09-03 20:35:36.765: [INFO] BookmarkModelLoaded, ids_reassigned: 0
2026-09-03 20:35:36.765: [INFO] BookmarksLoadDropped droppedNodes=0
2026-09-03 20:35:36.765: [INFO] BookmarksSnapshot Startup total=0 bar=0 other=0 mobile=0 showBar=0 showBarNTP=1
2026-09-03 20:37:29.079: [INFO] BookmarksSnapshot Shutdown total=0 bar=0 other=0 mobile=0 showBar=0 showBarNTP=1
2026-09-03 20:37:36.157: [INFO] CurrentProfilePath: C:\Users\alex_\Desktop\Curso de Java\workspace\.metadata\.plugins\org.eclipse.swt\EBWebView\Default
2026-09-03 20:37:36.157: [INFO] Profiles total count: 1
2026-09-03 20:37:36.157: [INFO] Profile: name=Perfil 1 path=C:\Users\alex_\Desktop\Curso de Java\workspace\.metadata\.plugins\org.eclipse.swt\EBWebView\Default lastActive=null
2026-09-03 20:37:36.157: [INFO] LastUsedProfileDir: C:\Users\alex_\Desktop\Curso de Java\workspace\.metadata\.plugins\org.eclipse.swt\EBWebView\Default
2026-09-03 20:37:36.157: [INFO] OnDoneLoading sync enabled: 0
2026-09-03 20:37:36.157: [INFO] BookmarkModelLoaded, ids_reassigned: 0
2026-09-03 20:37:36.157: [INFO] BookmarksLoadDropped droppedNodes=0
2026-09-03 20:37:36.157: [INFO] BookmarksSnapshot Startup total=0 bar=0 other=0 mobile=0 showBar=0 showBarNTP=1
2026-09-03 20:37:47.379: [INFO] BookmarksSnapshot Shutdown total=0 bar=0 other=0 mobile=0 showBar=0 showBarNTP=1
2026-09-05 12:59:22.695: [INFO] CurrentProfilePath: C:\Users\alex_\Desktop\Curso de Java\workspace\.metadata\.plugins\org.eclipse.swt\EBWebView\Default
2026-09-05 12:59:22.695: [INFO] Profiles total count: 1
2026-09-05 12:59:22.695: [INFO] Profile: name=Perfil 1 path=C:\Users\alex_\Desktop\Curso de Java\workspace\.metadata\.plugins\org.eclipse.swt\EBWebView\Default lastActive=null
2026-09-05 12:59:22.695: [INFO] LastUsedProfileDir: C:\Users\alex_\Desktop\Curso de Java\workspace\.metadata\.plugins\org.eclipse.swt\EBWebView\Default
2026-09-05 12:59:22.695: [INFO] OnDoneLoading sync enabled: 0
2026-09-05 12:59:22.695: [INFO] BookmarkModelLoaded, ids_reassigned: 0
2026-09-05 12:59:22.695: [INFO] BookmarksLoadDropped droppedNodes=0
2026-09-05 12:59:22.695: [INFO] BookmarksSnapshot Startup total=0 bar=0 other=0 mobile=0 showBar=0 showBarNTP=1
2026-09-05 13:03:34.334: [INFO] BookmarksSnapshot Shutdown total=0 bar=0 other=0 mobile=0 showBar=0 showBarNTP=1
2026-09-05 13:08:27.572: [INFO] CurrentProfilePath: C:\Users\alex_\Desktop\Curso de Java\workspace\.metadata\.plugins\org.eclipse.swt\EBWebView\Default
2026-09-05 13:08:27.572: [INFO] Profiles total count: 1
2026-09-05 13:08:27.572: [INFO] Profile: name=Perfil 1 path=C:\Users\alex_\Desktop\Curso de Java\workspace\.metadata\.plugins\org.eclipse.swt\EBWebView\Default lastActive=null
2026-09-05 13:08:27.572: [INFO] LastUsedProfileDir: C:\Users\alex_\Desktop\Curso de Java\workspace\.metadata\.plugins\org.eclipse.swt\EBWebView\Default
2026-09-05 13:08:27.572: [INFO] OnDoneLoading sync enabled: 0
2026-09-05 13:08:27.572: [INFO] BookmarkModelLoaded, ids_reassigned: 0
2026-09-05 13:08:27.572: [INFO] BookmarksLoadDropped droppedNodes=0
2026-09-05 13:08:27.572: [INFO] BookmarksSnapshot Startup total=0 bar=0 other=0 mobile=0 showBar=0 showBarNTP=1
2026-09-05 13:10:48.657: [INFO] BookmarksSnapshot Shutdown total=0 bar=0 other=0 mobile=0 showBar=0 showBarNTP=1
2026-09-05 13:16:50.246: [INFO] CurrentProfilePath: C:\Users\alex_\Desktop\Curso de Java\workspace\.metadata\.plugins\org.eclipse.swt\EBWebView\Default
2026-09-05 13:16:50.246: [INFO] Profiles total count: 1
2026-09-05 13:16:50.246: [INFO] Profile: name=Perfil 1 path=C:\Users\alex_\Desktop\Curso de Java\workspace\.metadata\.plugins\org.eclipse.swt\EBWebView\Default lastActive=null
2026-09-05 13:16:50.246: [INFO] LastUsedProfileDir: C:\Users\alex_\Desktop\Curso de Java\workspace\.metadata\.plugins\org.eclipse.swt\EBWebView\Default
2026-09-05 13:16:50.246: [INFO] OnDoneLoading sync enabled: 0
2026-09-05 13:16:50.246: [INFO] BookmarkModelLoaded, ids_reassigned: 0
2026-09-05 13:16:50.246: [INFO] BookmarksLoadDropped droppedNodes=0
2026-09-05 13:16:50.246: [INFO] BookmarksSnapshot Startup total=0 bar=0 other=0 mobile=0 showBar=0 showBarNTP=1
2026-09-05 13:17:32.064: [INFO] BookmarksSnapshot Shutdown total=0 bar=0 other=0 mobile=0 showBar=0 showBarNTP=1
2026-09-05 13:20:28.966: [INFO] CurrentProfilePath: C:\Users\alex_\Desktop\Curso de Java\workspace\.metadata\.plugins\org.eclipse.swt\EBWebView\Default
2026-09-05 13:20:28.966: [INFO] Profiles total count: 1
2026-09-05 13:20:28.966: [INFO] Profile: name=Perfil 1 path=C:\Users\alex_\Desktop\Curso de Java\workspace\.metadata\.plugins\org.eclipse.swt\EBWebView\Default lastActive=null
2026-09-05 13:20:28.966: [INFO] LastUsedProfileDir: C:\Users\alex_\Desktop\Curso de Java\workspace\.metadata\.plugins\org.eclipse.swt\EBWebView\Default
2026-09-05 13:20:28.966: [INFO] OnDoneLoading sync enabled: 0
2026-09-05 13:20:28.966: [INFO] BookmarkModelLoaded, ids_reassigned: 0
2026-09-05 13:20:28.966: [INFO] BookmarksLoadDropped droppedNodes=0
2026-09-05 13:20:28.966: [INFO] BookmarksSnapshot Startup total=0 bar=0 other=0 mobile=0 showBar=0 showBarNTP=1
2026-09-05 13:20:44.545: [INFO] BookmarksSnapshot Shutdown total=0 bar=0 other=0 mobile=0 showBar=0 showBarNTP=1
2026-09-05 13:23:34.572: [INFO] CurrentProfilePath: C:\Users\alex_\Desktop\Curso de Java\workspace\.metadata\.plugins\org.eclipse.swt\EBWebView\Default
2026-09-05 13:23:34.572: [INFO] Profiles total count: 1
2026-09-05 13:23:34.572: [INFO] Profile: name=Perfil 1 path=C:\Users\alex_\Desktop\Curso de Java\workspace\.metadata\.plugins\org.eclipse.swt\EBWebView\Default lastActive=null
2026-09-05 13:23:34.572: [INFO] LastUsedProfileDir: C:\Users\alex_\Desktop\Curso de Java\workspace\.metadata\.plugins\org.eclipse.swt\EBWebView\Default
2026-09-05 13:23:34.572: [INFO] OnDoneLoading sync enabled: 0
2026-09-05 13:23:34.572: [INFO] BookmarkModelLoaded, ids_reassigned: 0
2026-09-05 13:23:34.572: [INFO] BookmarksLoadDropped droppedNodes=0
2026-09-05 13:23:34.572: [INFO] BookmarksSnapshot Startup total=0 bar=0 other=0 mobile=0 showBar=0 showBarNTP=1
2026-09-05 13:24:13.554: [INFO] BookmarksSnapshot Shutdown total=0 bar=0 other=0 mobile=0 showBar=0 showBarNTP=1
2026-09-05 13:42:03.878: [INFO] CurrentProfilePath: C:\Users\alex_\Desktop\Curso de Java\workspace\.metadata\.plugins\org.eclipse.swt\EBWebView\Default
2026-09-05 13:42:03.878: [INFO] Profiles total count: 1
2026-09-05 13:42:03.878: [INFO] Profile: name=Perfil 1 path=C:\Users\alex_\Desktop\Curso de Java\workspace\.metadata\.plugins\org.eclipse.swt\EBWebView\Default lastActive=null
2026-09-05 13:42:03.878: [INFO] LastUsedProfileDir: C:\Users\alex_\Desktop\Curso de Java\workspace\.metadata\.plugins\org.eclipse.swt\EBWebView\Default
2026-09-05 13:42:03.878: [INFO] OnDoneLoading sync enabled: 0
2026-09-05 13:42:03.878: [INFO] BookmarkModelLoaded, ids_reassigned: 0
2026-09-05 13:42:03.878: [INFO] BookmarksLoadDropped droppedNodes=0
2026-09-05 13:42:03.878: [INFO] BookmarksSnapshot Startup total=0 bar=0 other=0 mobile=0 showBar=0 showBarNTP=1
2026-09-05 13:45:17.553: [INFO] BookmarksSnapshot Shutdown total=0 bar=0 other=0 mobile=0 showBar=0 showBarNTP=1
2026-09-05 13:46:19.352: [INFO] CurrentProfilePath: C:\Users\alex_\Desktop\Curso de Java\workspace\.metadata\.plugins\org.eclipse.swt\EBWebView\Default
2026-09-05 13:46:19.352: [INFO] Profiles total count: 1
2026-09-05 13:46:19.352: [INFO] Profile: name=Perfil 1 path=C:\Users\alex_\Desktop\Curso de Java\workspace\.metadata\.plugins\org.eclipse.swt\EBWebView\Default lastActive=null
2026-09-05 13:46:19.352: [INFO] LastUsedProfileDir: C:\Users\alex_\Desktop\Curso de Java\workspace\.metadata\.plugins\org.eclipse.swt\EBWebView\Default
2026-09-05 13:46:19.352: [INFO] OnDoneLoading sync enabled: 0
2026-09-05 13:46:19.352: [INFO] BookmarkModelLoaded, ids_reassigned: 0
2026-09-05 13:46:19.352: [INFO] BookmarksLoadDropped droppedNodes=0
2026-09-05 13:46:19.352: [INFO] BookmarksSnapshot Startup total=0 bar=0 other=0 mobile=0 showBar=0 showBarNTP=1
2026-09-05 13:48:10.197: [INFO] BookmarksSnapshot Shutdown total=0 bar=0 other=0 mobile=0 showBar=0 showBarNTP=1
2026-09-05 13:48:57.527: [INFO] CurrentProfilePath: C:\Users\alex_\Desktop\Curso de Java\workspace\.metadata\.plugins\org.eclipse.swt\EBWebView\Default
2026-09-05 13:48:57.527: [INFO] Profiles total count: 1
2026-09-05 13:48:57.527: [INFO] Profile: name=Perfil 1 path=C:\Users\alex_\Desktop\Curso de Java\workspace\.metadata\.plugins\org.eclipse.swt\EBWebView\Default lastActive=null
2026-09-05 13:48:57.527: [INFO] LastUsedProfileDir: C:\Users\alex_\Desktop\Curso de Java\workspace\.metadata\.plugins\org.eclipse.swt\EBWebView\Default
2026-09-05 13:48:57.527: [INFO] OnDoneLoading sync enabled: 0
2026-09-05 13:48:57.527: [INFO] BookmarkModelLoaded, ids_reassigned: 0
2026-09-05 13:48:57.527: [INFO] BookmarksLoadDropped droppedNodes=0
2026-09-05 13:48:57.527: [INFO] BookmarksSnapshot Startup total=0 bar=0 other=0 mobile=0 showBar=0 showBarNTP=1
2026-09-05 13:50:28.572: [INFO] BookmarksSnapshot Shutdown total=0 bar=0 other=0 mobile=0 showBar=0 showBarNTP=1
2026-09-05 13:53:41.892: [INFO] CurrentProfilePath: C:\Users\alex_\Desktop\Curso de Java\workspace\.metadata\.plugins\org.eclipse.swt\EBWebView\Default
2026-09-05 13:53:41.892: [INFO] Profiles total count: 1
2026-09-05 13:53:41.892: [INFO] Profile: name=Perfil 1 path=C:\Users\alex_\Desktop\Curso de Java\workspace\.metadata\.plugins\org.eclipse.swt\EBWebView\Default lastActive=null
2026-09-05 13:53:41.892: [INFO] LastUsedProfileDir: C:\Users\alex_\Desktop\Curso de Java\workspace\.metadata\.plugins\org.eclipse.swt\EBWebView\Default
2026-09-05 13:53:41.892: [INFO] OnDoneLoading sync enabled: 0
2026-09-05 13:53:41.892: [INFO] BookmarkModelLoaded, ids_reassigned: 0
2026-09-05 13:53:41.892: [INFO] BookmarksLoadDropped droppedNodes=0
2026-09-05 13:53:41.892: [INFO] BookmarksSnapshot Startup total=0 bar=0 other=0 mobile=0 showBar=0 showBarNTP=1
2026-09-05 13:53:47.922: [INFO] BookmarksSnapshot Shutdown total=0 bar=0 other=0 mobile=0 showBar=0 showBarNTP=1
2026-09-05 13:53:58.489: [INFO] CurrentProfilePath: C:\Users\alex_\Desktop\Curso de Java\workspace\.metadata\.plugins\org.eclipse.swt\EBWebView\Default
2026-09-05 13:53:58.489: [INFO] Profiles total count: 1
2026-09-05 13:53:58.489: [INFO] Profile: name=Perfil 1 path=C:\Users\alex_\Desktop\Curso de Java\workspace\.metadata\.plugins\org.eclipse.swt\EBWebView\Default lastActive=null
2026-09-05 13:53:58.489: [INFO] LastUsedProfileDir: C:\Users\alex_\Desktop\Curso de Java\workspace\.metadata\.plugins\org.eclipse.swt\EBWebView\Default
2026-09-05 13:53:58.489: [INFO] OnDoneLoading sync enabled: 0
2026-09-05 13:53:58.489: [INFO] BookmarkModelLoaded, ids_reassigned: 0
2026-09-05 13:53:58.489: [INFO] BookmarksLoadDropped droppedNodes=0
2026-09-05 13:53:58.489: [INFO] BookmarksSnapshot Startup total=0 bar=0 other=0 mobile=0 showBar=0 showBarNTP=1
2026-09-05 13:58:29.018: [INFO] BookmarksSnapshot Shutdown total=0 bar=0 other=0 mobile=0 showBar=0 showBarNTP=1
2026-09-05 14:02:27.121: [INFO] CurrentProfilePath: C:\Users\alex_\Desktop\Curso de Java\workspace\.metadata\.plugins\org.eclipse.swt\EBWebView\Default
2026-09-05 14:02:27.121: [INFO] Profiles total count: 1
2026-09-05 14:02:27.121: [INFO] Profile: name=Perfil 1 path=C:\Users\alex_\Desktop\Curso de Java\workspace\.metadata\.plugins\org.eclipse.swt\EBWebView\Default lastActive=null
2026-09-05 14:02:27.121: [INFO] LastUsedProfileDir: C:\Users\alex_\Desktop\Curso de Java\workspace\.metadata\.plugins\org.eclipse.swt\EBWebView\Default
2026-09-05 14:02:27.121: [INFO] OnDoneLoading sync enabled: 0
2026-09-05 14:02:27.121: [INFO] BookmarkModelLoaded, ids_reassigned: 0
2026-09-05 14:02:27.121: [INFO] BookmarksLoadDropped droppedNodes=0
2026-09-05 14:02:27.121: [INFO] BookmarksSnapshot Startup total=0 bar=0 other=0 mobile=0 showBar=0 showBarNTP=1
2026-09-05 14:02:43.479: [INFO] BookmarksSnapshot Shutdown total=0 bar=0 other=0 mobile=0 showBar=0 showBarNTP=1
2026-09-05 14:08:38.545: [INFO] CurrentProfilePath: C:\Users\alex_\Desktop\Curso de Java\workspace\.metadata\.plugins\org.eclipse.swt\EBWebView\Default
2026-09-05 14:08:38.545: [INFO] Profiles total count: 1
2026-09-05 14:08:38.545: [INFO] Profile: name=Perfil 1 path=C:\Users\alex_\Desktop\Curso de Java\workspace\.metadata\.plugins\org.eclipse.swt\EBWebView\Default lastActive=null
2026-09-05 14:08:38.545: [INFO] LastUsedProfileDir: C:\Users\alex_\Desktop\Curso de Java\workspace\.metadata\.plugins\org.eclipse.swt\EBWebView\Default
2026-09-05 14:08:38.545: [INFO] OnDoneLoading sync enabled: 0
2026-09-05 14:08:38.545: [INFO] BookmarkModelLoaded, ids_reassigned: 0
2026-09-05 14:08:38.545: [INFO] BookmarksLoadDropped droppedNodes=0
2026-09-05 14:08:38.545: [INFO] BookmarksSnapshot Startup total=0 bar=0 other=0 mobile=0 showBar=0 showBarNTP=1
2026-09-05 14:10:26.461: [INFO] BookmarksSnapshot Shutdown total=0 bar=0 other=0 mobile=0 showBar=0 showBarNTP=1
2026-09-05 14:11:17.380: [INFO] CurrentProfilePath: C:\Users\alex_\Desktop\Curso de Java\workspace\.metadata\.plugins\org.eclipse.swt\EBWebView\Default
2026-09-05 14:11:17.380: [INFO] Profiles total count: 1
2026-09-05 14:11:17.380: [INFO] Profile: name=Perfil 1 path=C:\Users\alex_\Desktop\Curso de Java\workspace\.metadata\.plugins\org.eclipse.swt\EBWebView\Default lastActive=null
2026-09-05 14:11:17.380: [INFO] LastUsedProfileDir: C:\Users\alex_\Desktop\Curso de Java\workspace\.metadata\.plugins\org.eclipse.swt\EBWebView\Default
2026-09-05 14:11:17.380: [INFO] OnDoneLoading sync enabled: 0
2026-09-05 14:11:17.380: [INFO] BookmarkModelLoaded, ids_reassigned: 0
2026-09-05 14:11:17.380: [INFO] BookmarksLoadDropped droppedNodes=0
2026-09-05 14:11:17.380: [INFO] BookmarksSnapshot Startup total=0 bar=0 other=0 mobile=0 showBar=0 showBarNTP=1
2026-09-05 14:12:34.570: [INFO] BookmarksSnapshot Shutdown total=0 bar=0 other=0 mobile=0 showBar=0 showBarNTP=1
2026-09-05 14:51:45.654: [INFO] CurrentProfilePath: C:\Users\alex_\Desktop\Curso de Java\workspace\.metadata\.plugins\org.eclipse.swt\EBWebView\Default
2026-09-05 14:51:45.654: [INFO] Profiles total count: 1
2026-09-05 14:51:45.654: [INFO] Profile: name=Perfil 1 path=C:\Users\alex_\Desktop\Curso de Java\workspace\.metadata\.plugins\org.eclipse.swt\EBWebView\Default lastActive=null
2026-09-05 14:51:45.654: [INFO] LastUsedProfileDir: C:\Users\alex_\Desktop\Curso de Java\workspace\.metadata\.plugins\org.eclipse.swt\EBWebView\Default
2026-09-05 14:51:45.654: [INFO] OnDoneLoading sync enabled: 0
2026-09-05 14:51:45.654: [INFO] BookmarkModelLoaded, ids_reassigned: 0
2026-09-05 14:51:45.654: [INFO] BookmarksLoadDropped droppedNodes=0
2026-09-05 14:51:45.654: [INFO] BookmarksSnapshot Startup total=0 bar=0 other=0 mobile=0 showBar=0 showBarNTP=1
2026-09-05 14:51:45.772: [INFO] BookmarksSnapshot Shutdown total=0 bar=0 other=0 mobile=0 showBar=0 showBarNTP=1
2026-09-05 14:52:01.659: [INFO] CurrentProfilePath: C:\Users\alex_\Desktop\Curso de Java\workspace\.metadata\.plugins\org.eclipse.swt\EBWebView\Default
2026-09-05 14:52:01.659: [INFO] Profiles total count: 1
2026-09-05 14:52:01.659: [INFO] Profile: name=Perfil 1 path=C:\Users\alex_\Desktop\Curso de Java\workspace\.metadata\.plugins\org.eclipse.swt\EBWebView\Default lastActive=null
2026-09-05 14:52:01.659: [INFO] LastUsedProfileDir: C:\Users\alex_\Desktop\Curso de Java\workspace\.metadata\.plugins\org.eclipse.swt\EBWebView\Default
2026-09-05 14:52:01.659: [INFO] OnDoneLoading sync enabled: 0
2026-09-05 14:52:01.659: [INFO] BookmarkModelLoaded, ids_reassigned: 0
2026-09-05 14:52:01.659: [INFO] BookmarksLoadDropped droppedNodes=0
2026-09-05 14:52:01.659: [INFO] BookmarksSnapshot Startup total=0 bar=0 other=0 mobile=0 showBar=0 showBarNTP=1
2026-09-05 14:52:05.947: [INFO] BookmarksSnapshot Shutdown total=0 bar=0 other=0 mobile=0 showBar=0 showBarNTP=1
2026-09-05 14:52:43.039: [INFO] CurrentProfilePath: C:\Users\alex_\Desktop\Curso de Java\workspace\.metadata\.plugins\org.eclipse.swt\EBWebView\Default
2026-09-05 14:52:43.039: [INFO] Profiles total count: 1
2026-09-05 14:52:43.039: [INFO] Profile: name=Perfil 1 path=C:\Users\alex_\Desktop\Curso de Java\workspace\.metadata\.plugins\org.eclipse.swt\EBWebView\Default lastActive=null
2026-09-05 14:52:43.039: [INFO] LastUsedProfileDir: C:\Users\alex_\Desktop\Curso de Java\workspace\.metadata\.plugins\org.eclipse.swt\EBWebView\Default
2026-09-05 14:52:43.039: [INFO] OnDoneLoading sync enabled: 0
2026-09-05 14:52:43.039: [INFO] BookmarkModelLoaded, ids_reassigned: 0
2026-09-05 14:52:43.039: [INFO] BookmarksLoadDropped droppedNodes=0
2026-09-05 14:52:43.039: [INFO] BookmarksSnapshot Startup total=0 bar=0 other=0 mobile=0 showBar=0 showBarNTP=1
2026-09-05 14:53:15.423: [INFO] BookmarksSnapshot Shutdown total=0 bar=0 other=0 mobile=0 showBar=0 showBarNTP=1
2026-09-05 14:53:36.250: [INFO] CurrentProfilePath: C:\Users\alex_\Desktop\Curso de Java\workspace\.metadata\.plugins\org.eclipse.swt\EBWebView\Default
2026-09-05 14:53:36.250: [INFO] Profiles total count: 1
2026-09-05 14:53:36.250: [INFO] Profile: name=Perfil 1 path=C:\Users\alex_\Desktop\Curso de Java\workspace\.metadata\.plugins\org.eclipse.swt\EBWebView\Default lastActive=null
2026-09-05 14:53:36.250: [INFO] LastUsedProfileDir: C:\Users\alex_\Desktop\Curso de Java\workspace\.metadata\.plugins\org.eclipse.swt\EBWebView\Default
2026-09-05 14:53:36.250: [INFO] OnDoneLoading sync enabled: 0
2026-09-05 14:53:36.250: [INFO] BookmarkModelLoaded, ids_reassigned: 0
2026-09-05 14:53:36.250: [INFO] BookmarksLoadDropped droppedNodes=0
2026-09-05 14:53:36.250: [INFO] BookmarksSnapshot Startup total=0 bar=0 other=0 mobile=0 showBar=0 showBarNTP=1
2026-09-05 14:53:41.088: [INFO] BookmarksSnapshot Shutdown total=0 bar=0 other=0 mobile=0 showBar=0 showBarNTP=1
2026-09-05 14:55:30.632: [INFO] CurrentProfilePath: C:\Users\alex_\Desktop\Curso de Java\workspace\.metadata\.plugins\org.eclipse.swt\EBWebView\Default
2026-09-05 14:55:30.632: [INFO] Profiles total count: 1
2026-09-05 14:55:30.632: [INFO] Profile: name=Perfil 1 path=C:\Users\alex_\Desktop\Curso de Java\workspace\.metadata\.plugins\org.eclipse.swt\EBWebView\Default lastActive=null
2026-09-05 14:55:30.632: [INFO] LastUsedProfileDir: C:\Users\alex_\Desktop\Curso de Java\workspace\.metadata\.plugins\org.eclipse.swt\EBWebView\Default
2026-09-05 14:55:30.632: [INFO] OnDoneLoading sync enabled: 0
2026-09-05 14:55:30.632: [INFO] BookmarkModelLoaded, ids_reassigned: 0
2026-09-05 14:55:30.632: [INFO] BookmarksLoadDropped droppedNodes=0
2026-09-05 14:55:30.632: [INFO] BookmarksSnapshot Startup total=0 bar=0 other=0 mobile=0 showBar=0 showBarNTP=1
2026-09-05 15:02:48.075: [INFO] BookmarksSnapshot Shutdown total=0 bar=0 other=0 mobile=0 showBar=0 showBarNTP=1
2026-09-05 15:03:07.353: [INFO] CurrentProfilePath: C:\Users\alex_\Desktop\Curso de Java\workspace\.metadata\.plugins\org.eclipse.swt\EBWebView\Default
2026-09-05 15:03:07.353: [INFO] Profiles total count: 1
2026-09-05 15:03:07.353: [INFO] Profile: name=Perfil 1 path=C:\Users\alex_\Desktop\Curso de Java\workspace\.metadata\.plugins\org.eclipse.swt\EBWebView\Default lastActive=null
2026-09-05 15:03:07.353: [INFO] LastUsedProfileDir: C:\Users\alex_\Desktop\Curso de Java\workspace\.metadata\.plugins\org.eclipse.swt\EBWebView\Default
2026-09-05 15:03:07.353: [INFO] OnDoneLoading sync enabled: 0
2026-09-05 15:03:07.353: [INFO] BookmarkModelLoaded, ids_reassigned: 0
2026-09-05 15:03:07.353: [INFO] BookmarksLoadDropped droppedNodes=0
2026-09-05 15:03:07.353: [INFO] BookmarksSnapshot Startup total=0 bar=0 other=0 mobile=0 showBar=0 showBarNTP=1
2026-09-05 15:03:14.519: [INFO] BookmarksSnapshot Shutdown total=0 bar=0 other=0 mobile=0 showBar=0 showBarNTP=1
2026-09-05 15:03:41.311: [INFO] CurrentProfilePath: C:\Users\alex_\Desktop\Curso de Java\workspace\.metadata\.plugins\org.eclipse.swt\EBWebView\Default
2026-09-05 15:03:41.311: [INFO] Profiles total count: 1
2026-09-05 15:03:41.311: [INFO] Profile: name=Perfil 1 path=C:\Users\alex_\Desktop\Curso de Java\workspace\.metadata\.plugins\org.eclipse.swt\EBWebView\Default lastActive=null
2026-09-05 15:03:41.311: [INFO] LastUsedProfileDir: C:\Users\alex_\Desktop\Curso de Java\workspace\.metadata\.plugins\org.eclipse.swt\EBWebView\Default
2026-09-05 15:03:41.311: [INFO] OnDoneLoading sync enabled: 0
2026-09-05 15:03:41.311: [INFO] BookmarkModelLoaded, ids_reassigned: 0
2026-09-05 15:03:41.311: [INFO] BookmarksLoadDropped droppedNodes=0
2026-09-05 15:03:41.311: [INFO] BookmarksSnapshot Startup total=0 bar=0 other=0 mobile=0 showBar=0 showBarNTP=1
2026-09-05 15:06:10.806: [INFO] BookmarksSnapshot Shutdown total=0 bar=0 other=0 mobile=0 showBar=0 showBarNTP=1
2026-09-05 15:07:11.001: [INFO] CurrentProfilePath: C:\Users\alex_\Desktop\Curso de Java\workspace\.metadata\.plugins\org.eclipse.swt\EBWebView\Default
2026-09-05 15:07:11.001: [INFO] Profiles total count: 1
2026-09-05 15:07:11.001: [INFO] Profile: name=Perfil 1 path=C:\Users\alex_\Desktop\Curso de Java\workspace\.metadata\.plugins\org.eclipse.swt\EBWebView\Default lastActive=null
2026-09-05 15:07:11.001: [INFO] LastUsedProfileDir: C:\Users\alex_\Desktop\Curso de Java\workspace\.metadata\.plugins\org.eclipse.swt\EBWebView\Default
2026-09-05 15:07:11.001: [INFO] OnDoneLoading sync enabled: 0
2026-09-05 15:07:11.001: [INFO] BookmarkModelLoaded, ids_reassigned: 0
2026-09-05 15:07:11.001: [INFO] BookmarksLoadDropped droppedNodes=0
2026-09-05 15:07:11.001: [INFO] BookmarksSnapshot Startup total=0 bar=0 other=0 mobile=0 showBar=0 showBarNTP=1
2026-09-05 15:07:13.342: [INFO] BookmarksSnapshot Shutdown total=0 bar=0 other=0 mobile=0 showBar=0 showBarNTP=1
2026-09-05 15:08:55.830: [INFO] CurrentProfilePath: C:\Users\alex_\Desktop\Curso de Java\workspace\.metadata\.plugins\org.eclipse.swt\EBWebView\Default
2026-09-05 15:08:55.830: [INFO] Profiles total count: 1
2026-09-05 15:08:55.830: [INFO] Profile: name=Perfil 1 path=C:\Users\alex_\Desktop\Curso de Java\workspace\.metadata\.plugins\org.eclipse.swt\EBWebView\Default lastActive=null
2026-09-05 15:08:55.830: [INFO] LastUsedProfileDir: C:\Users\alex_\Desktop\Curso de Java\workspace\.metadata\.plugins\org.eclipse.swt\EBWebView\Default
2026-09-05 15:08:55.830: [INFO] OnDoneLoading sync enabled: 0
2026-09-05 15:08:55.830: [INFO] BookmarkModelLoaded, ids_reassigned: 0
2026-09-05 15:08:55.830: [INFO] BookmarksLoadDropped droppedNodes=0
2026-09-05 15:08:55.830: [INFO] BookmarksSnapshot Startup total=0 bar=0 other=0 mobile=0 showBar=0 showBarNTP=1
2026-09-05 15:20:50.969: [INFO] BookmarksSnapshot Shutdown total=0 bar=0 other=0 mobile=0 showBar=0 showBarNTP=1
2026-09-05 15:22:48.154: [INFO] CurrentProfilePath: C:\Users\alex_\Desktop\Curso de Java\workspace\.metadata\.plugins\org.eclipse.swt\EBWebView\Default
2026-09-05 15:22:48.154: [INFO] Profiles total count: 1
2026-09-05 15:22:48.154: [INFO] Profile: name=Perfil 1 path=C:\Users\alex_\Desktop\Curso de Java\workspace\.metadata\.plugins\org.eclipse.swt\EBWebView\Default lastActive=null
2026-09-05 15:22:48.154: [INFO] LastUsedProfileDir: C:\Users\alex_\Desktop\Curso de Java\workspace\.metadata\.plugins\org.eclipse.swt\EBWebView\Default
2026-09-05 15:22:48.154: [INFO] OnDoneLoading sync enabled: 0
2026-09-05 15:22:48.154: [INFO] BookmarkModelLoaded, ids_reassigned: 0
2026-09-05 15:22:48.154: [INFO] BookmarksLoadDropped droppedNodes=0
2026-09-05 15:22:48.154: [INFO] BookmarksSnapshot Startup total=0 bar=0 other=0 mobile=0 showBar=0 showBarNTP=1
2026-09-05 15:22:56.387: [INFO] BookmarksSnapshot Shutdown total=0 bar=0 other=0 mobile=0 showBar=0 showBarNTP=1
2026-09-05 15:25:18.721: [INFO] CurrentProfilePath: C:\Users\alex_\Desktop\Curso de Java\workspace\.metadata\.plugins\org.eclipse.swt\EBWebView\Default
2026-09-05 15:25:18.721: [INFO] Profiles total count: 1
2026-09-05 15:25:18.721: [INFO] Profile: name=Perfil 1 path=C:\Users\alex_\Desktop\Curso de Java\workspace\.metadata\.plugins\org.eclipse.swt\EBWebView\Default lastActive=null
2026-09-05 15:25:18.721: [INFO] LastUsedProfileDir: C:\Users\alex_\Desktop\Curso de Java\workspace\.metadata\.plugins\org.eclipse.swt\EBWebView\Default
2026-09-05 15:25:18.721: [INFO] OnDoneLoading sync enabled: 0
2026-09-05 15:25:18.721: [INFO] BookmarkModelLoaded, ids_reassigned: 0
2026-09-05 15:25:18.721: [INFO] BookmarksLoadDropped droppedNodes=0
2026-09-05 15:25:18.721: [INFO] BookmarksSnapshot Startup total=0 bar=0 other=0 mobile=0 showBar=0 showBarNTP=1
2026-09-05 15:25:35.994: [INFO] BookmarksSnapshot Shutdown total=0 bar=0 other=0 mobile=0 showBar=0 showBarNTP=1
2026-09-05 15:26:30.887: [INFO] CurrentProfilePath: C:\Users\alex_\Desktop\Curso de Java\workspace\.metadata\.plugins\org.eclipse.swt\EBWebView\Default
2026-09-05 15:26:30.887: [INFO] Profiles total count: 1
2026-09-05 15:26:30.887: [INFO] Profile: name=Perfil 1 path=C:\Users\alex_\Desktop\Curso de Java\workspace\.metadata\.plugins\org.eclipse.swt\EBWebView\Default lastActive=null
2026-09-05 15:26:30.887: [INFO] LastUsedProfileDir: C:\Users\alex_\Desktop\Curso de Java\workspace\.metadata\.plugins\org.eclipse.swt\EBWebView\Default
2026-09-05 15:26:30.887: [INFO] OnDoneLoading sync enabled: 0
2026-09-05 15:26:30.887: [INFO] BookmarkModelLoaded, ids_reassigned: 0
2026-09-05 15:26:30.887: [INFO] BookmarksLoadDropped droppedNodes=0
2026-09-05 15:26:30.887: [INFO] BookmarksSnapshot Startup total=0 bar=0 other=0 mobile=0 showBar=0 showBarNTP=1
2026-09-05 15:28:58.906: [INFO] BookmarksSnapshot Shutdown total=0 bar=0 other=0 mobile=0 showBar=0 showBarNTP=1
2026-09-05 17:58:20.138: [INFO] CurrentProfilePath: C:\Users\alex_\Desktop\Curso de Java\workspace\.metadata\.plugins\org.eclipse.swt\EBWebView\Default
2026-09-05 17:58:20.138: [INFO] Profiles total count: 1
2026-09-05 17:58:20.138: [INFO] Profile: name=Perfil 1 path=C:\Users\alex_\Desktop\Curso de Java\workspace\.metadata\.plugins\org.eclipse.swt\EBWebView\Default lastActive=null
2026-09-05 17:58:20.138: [INFO] LastUsedProfileDir: C:\Users\alex_\Desktop\Curso de Java\workspace\.metadata\.plugins\org.eclipse.swt\EBWebView\Default
2026-09-05 17:58:20.138: [INFO] OnDoneLoading sync enabled: 0
2026-09-05 17:58:20.138: [INFO] BookmarkModelLoaded, ids_reassigned: 0
2026-09-05 17:58:20.138: [INFO] BookmarksLoadDropped droppedNodes=0
2026-09-05 17:58:20.138: [INFO] BookmarksSnapshot Startup total=0 bar=0 other=0 mobile=0 showBar=0 showBarNTP=1
2026-09-05 17:58:34.454: [INFO] BookmarksSnapshot Shutdown total=0 bar=0 other=0 mobile=0 showBar=0 showBarNTP=1
2026-09-05 17:58:34.539: [INFO] CurrentProfilePath: C:\Users\alex_\Desktop\Curso de Java\workspace\.metadata\.plugins\org.eclipse.swt\EBWebView\Default
2026-09-05 17:58:34.539: [INFO] Profiles total count: 1
2026-09-05 17:58:34.539: [INFO] Profile: name=Perfil 1 path=C:\Users\alex_\Desktop\Curso de Java\workspace\.metadata\.plugins\org.eclipse.swt\EBWebView\Default lastActive=null
2026-09-05 17:58:34.539: [INFO] LastUsedProfileDir: C:\Users\alex_\Desktop\Curso de Java\workspace\.metadata\.plugins\org.eclipse.swt\EBWebView\Default
2026-09-05 17:58:34.539: [INFO] OnDoneLoading sync enabled: 0
2026-09-05 17:58:34.539: [INFO] BookmarkModelLoaded, ids_reassigned: 0
2026-09-05 17:58:34.539: [INFO] BookmarksLoadDropped droppedNodes=0
2026-09-05 17:58:34.539: [INFO] BookmarksSnapshot Startup total=0 bar=0 other=0 mobile=0 showBar=0 showBarNTP=1
2026-09-05 17:58:58.302: [INFO] BookmarksSnapshot Shutdown total=0 bar=0 other=0 mobile=0 showBar=0 showBarNTP=1
2026-09-05 17:58:58.372: [INFO] CurrentProfilePath: C:\Users\alex_\Desktop\Curso de Java\workspace\.metadata\.plugins\org.eclipse.swt\EBWebView\Default
2026-09-05 17:58:58.372: [INFO] Profiles total count: 1
2026-09-05 17:58:58.372: [INFO] Profile: name=Perfil 1 path=C:\Users\alex_\Desktop\Curso de Java\workspace\.metadata\.plugins\org.eclipse.swt\EBWebView\Default lastActive=null
2026-09-05 17:58:58.372: [INFO] LastUsedProfileDir: C:\Users\alex_\Desktop\Curso de Java\workspace\.metadata\.plugins\org.eclipse.swt\EBWebView\Default
2026-09-05 17:58:58.372: [INFO] OnDoneLoading sync enabled: 0
2026-09-05 17:58:58.372: [INFO] BookmarkModelLoaded, ids_reassigned: 0
2026-09-05 17:58:58.372: [INFO] BookmarksLoadDropped droppedNodes=0
2026-09-05 17:58:58.372: [INFO] BookmarksSnapshot Startup total=0 bar=0 other=0 mobile=0 showBar=0 showBarNTP=1
2026-09-05 17:59:05.564: [INFO] BookmarksSnapshot Shutdown total=0 bar=0 other=0 mobile=0 showBar=0 showBarNTP=1
2026-09-05 17:59:05.639: [INFO] CurrentProfilePath: C:\Users\alex_\Desktop\Curso de Java\workspace\.metadata\.plugins\org.eclipse.swt\EBWebView\Default
2026-09-05 17:59:05.639: [INFO] Profiles total count: 1
2026-09-05 17:59:05.639: [INFO] Profile: name=Perfil 1 path=C:\Users\alex_\Desktop\Curso de Java\workspace\.metadata\.plugins\org.eclipse.swt\EBWebView\Default lastActive=null
2026-09-05 17:59:05.639: [INFO] LastUsedProfileDir: C:\Users\alex_\Desktop\Curso de Java\workspace\.metadata\.plugins\org.eclipse.swt\EBWebView\Default
2026-09-05 17:59:05.639: [INFO] OnDoneLoading sync enabled: 0
2026-09-05 17:59:05.639: [INFO] BookmarkModelLoaded, ids_reassigned: 0
2026-09-05 17:59:05.639: [INFO] BookmarksLoadDropped droppedNodes=0
2026-09-05 17:59:05.639: [INFO] BookmarksSnapshot Startup total=0 bar=0 other=0 mobile=0 showBar=0 showBarNTP=1
2026-09-05 17:59:16.289: [INFO] BookmarksSnapshot Shutdown total=0 bar=0 other=0 mobile=0 showBar=0 showBarNTP=1
2026-09-05 17:59:16.353: [INFO] CurrentProfilePath: C:\Users\alex_\Desktop\Curso de Java\workspace\.metadata\.plugins\org.eclipse.swt\EBWebView\Default
2026-09-05 17:59:16.353: [INFO] Profiles total count: 1
2026-09-05 17:59:16.353: [INFO] Profile: name=Perfil 1 path=C:\Users\alex_\Desktop\Curso de Java\workspace\.metadata\.plugins\org.eclipse.swt\EBWebView\Default lastActive=null
2026-09-05 17:59:16.353: [INFO] LastUsedProfileDir: C:\Users\alex_\Desktop\Curso de Java\workspace\.metadata\.plugins\org.eclipse.swt\EBWebView\Default
2026-09-05 17:59:16.353: [INFO] OnDoneLoading sync enabled: 0
2026-09-05 17:59:16.353: [INFO] BookmarkModelLoaded, ids_reassigned: 0
2026-09-05 17:59:16.353: [INFO] BookmarksLoadDropped droppedNodes=0
2026-09-05 17:59:16.353: [INFO] BookmarksSnapshot Startup total=0 bar=0 other=0 mobile=0 showBar=0 showBarNTP=1
2026-09-05 17:59:52.315: [INFO] BookmarksSnapshot Shutdown total=0 bar=0 other=0 mobile=0 showBar=0 showBarNTP=1
2026-09-05 17:59:52.395: [INFO] CurrentProfilePath: C:\Users\alex_\Desktop\Curso de Java\workspace\.metadata\.plugins\org.eclipse.swt\EBWebView\Default
2026-09-05 17:59:52.395: [INFO] Profiles total count: 1
2026-09-05 17:59:52.395: [INFO] Profile: name=Perfil 1 path=C:\Users\alex_\Desktop\Curso de Java\workspace\.metadata\.plugins\org.eclipse.swt\EBWebView\Default lastActive=null
2026-09-05 17:59:52.395: [INFO] LastUsedProfileDir: C:\Users\alex_\Desktop\Curso de Java\workspace\.metadata\.plugins\org.eclipse.swt\EBWebView\Default
2026-09-05 17:59:52.395: [INFO] OnDoneLoading sync enabled: 0
2026-09-05 17:59:52.395: [INFO] BookmarkModelLoaded, ids_reassigned: 0
2026-09-05 17:59:52.395: [INFO] BookmarksLoadDropped droppedNodes=0
2026-09-05 17:59:52.395: [INFO] BookmarksSnapshot Startup total=0 bar=0 other=0 mobile=0 showBar=0 showBarNTP=1
2026-09-05 18:00:37.547: [INFO] BookmarksSnapshot Shutdown total=0 bar=0 other=0 mobile=0 showBar=0 showBarNTP=1
2026-09-05 18:00:37.621: [INFO] CurrentProfilePath: C:\Users\alex_\Desktop\Curso de Java\workspace\.metadata\.plugins\org.eclipse.swt\EBWebView\Default
2026-09-05 18:00:37.621: [INFO] Profiles total count: 1
2026-09-05 18:00:37.621: [INFO] Profile: name=Perfil 1 path=C:\Users\alex_\Desktop\Curso de Java\workspace\.metadata\.plugins\org.eclipse.swt\EBWebView\Default lastActive=null
2026-09-05 18:00:37.621: [INFO] LastUsedProfileDir: C:\Users\alex_\Desktop\Curso de Java\workspace\.metadata\.plugins\org.eclipse.swt\EBWebView\Default
2026-09-05 18:00:37.621: [INFO] OnDoneLoading sync enabled: 0
2026-09-05 18:00:37.621: [INFO] BookmarkModelLoaded, ids_reassigned: 0
2026-09-05 18:00:37.621: [INFO] BookmarksLoadDropped droppedNodes=0
2026-09-05 18:00:37.621: [INFO] BookmarksSnapshot Startup total=0 bar=0 other=0 mobile=0 showBar=0 showBarNTP=1
2026-09-05 18:03:23.405: [INFO] BookmarksSnapshot Shutdown total=0 bar=0 other=0 mobile=0 showBar=0 showBarNTP=1
2026-09-05 18:03:25.587: [INFO] CurrentProfilePath: C:\Users\alex_\Desktop\Curso de Java\workspace\.metadata\.plugins\org.eclipse.swt\EBWebView\Default
2026-09-05 18:03:25.587: [INFO] Profiles total count: 1
2026-09-05 18:03:25.587: [INFO] Profile: name=Perfil 1 path=C:\Users\alex_\Desktop\Curso de Java\workspace\.metadata\.plugins\org.eclipse.swt\EBWebView\Default lastActive=null
2026-09-05 18:03:25.587: [INFO] LastUsedProfileDir: C:\Users\alex_\Desktop\Curso de Java\workspace\.metadata\.plugins\org.eclipse.swt\EBWebView\Default
2026-09-05 18:03:25.587: [INFO] OnDoneLoading sync enabled: 0
2026-09-05 18:03:25.587: [INFO] BookmarkModelLoaded, ids_reassigned: 0
2026-09-05 18:03:25.587: [INFO] BookmarksLoadDropped droppedNodes=0
2026-09-05 18:03:25.587: [INFO] BookmarksSnapshot Startup total=0 bar=0 other=0 mobile=0 showBar=0 showBarNTP=1
2026-09-05 18:04:25.314: [INFO] BookmarksSnapshot Shutdown total=0 bar=0 other=0 mobile=0 showBar=0 showBarNTP=1
2026-09-05 18:05:24.818: [INFO] CurrentProfilePath: C:\Users\alex_\Desktop\Curso de Java\workspace\.metadata\.plugins\org.eclipse.swt\EBWebView\Default
2026-09-05 18:05:24.818: [INFO] Profiles total count: 1
2026-09-05 18:05:24.818: [INFO] Profile: name=Perfil 1 path=C:\Users\alex_\Desktop\Curso de Java\workspace\.metadata\.plugins\org.eclipse.swt\EBWebView\Default lastActive=null
2026-09-05 18:05:24.818: [INFO] LastUsedProfileDir: C:\Users\alex_\Desktop\Curso de Java\workspace\.metadata\.plugins\org.eclipse.swt\EBWebView\Default
2026-09-05 18:05:24.818: [INFO] OnDoneLoading sync enabled: 0
2026-09-05 18:05:24.818: [INFO] BookmarkModelLoaded, ids_reassigned: 0
2026-09-05 18:05:24.818: [INFO] BookmarksLoadDropped droppedNodes=0
2026-09-05 18:05:24.818: [INFO] BookmarksSnapshot Startup total=0 bar=0 other=0 mobile=0 showBar=0 showBarNTP=1
2026-09-05 18:05:28.069: [INFO] BookmarksSnapshot Shutdown total=0 bar=0 other=0 mobile=0 showBar=0 showBarNTP=1
2026-09-05 18:05:34.098: [INFO] CurrentProfilePath: C:\Users\alex_\Desktop\Curso de Java\workspace\.metadata\.plugins\org.eclipse.swt\EBWebView\Default
2026-09-05 18:05:34.098: [INFO] Profiles total count: 1
2026-09-05 18:05:34.098: [INFO] Profile: name=Perfil 1 path=C:\Users\alex_\Desktop\Curso de Java\workspace\.metadata\.plugins\org.eclipse.swt\EBWebView\Default lastActive=null
2026-09-05 18:05:34.098: [INFO] LastUsedProfileDir: C:\Users\alex_\Desktop\Curso de Java\workspace\.metadata\.plugins\org.eclipse.swt\EBWebView\Default
2026-09-05 18:05:34.098: [INFO] OnDoneLoading sync enabled: 0
2026-09-05 18:05:34.098: [INFO] BookmarkModelLoaded, ids_reassigned: 0
2026-09-05 18:05:34.098: [INFO] BookmarksLoadDropped droppedNodes=0
2026-09-05 18:05:34.098: [INFO] BookmarksSnapshot Startup total=0 bar=0 other=0 mobile=0 showBar=0 showBarNTP=1
2026-09-05 18:06:24.444: [INFO] BookmarksSnapshot Shutdown total=0 bar=0 other=0 mobile=0 showBar=0 showBarNTP=1
2026-09-05 18:06:49.132: [INFO] CurrentProfilePath: C:\Users\alex_\Desktop\Curso de Java\workspace\.metadata\.plugins\org.eclipse.swt\EBWebView\Default
2026-09-05 18:06:49.132: [INFO] Profiles total count: 1
2026-09-05 18:06:49.132: [INFO] Profile: name=Perfil 1 path=C:\Users\alex_\Desktop\Curso de Java\workspace\.metadata\.plugins\org.eclipse.swt\EBWebView\Default lastActive=null
2026-09-05 18:06:49.132: [INFO] LastUsedProfileDir: C:\Users\alex_\Desktop\Curso de Java\workspace\.metadata\.plugins\org.eclipse.swt\EBWebView\Default
2026-09-05 18:06:49.132: [INFO] OnDoneLoading sync enabled: 0
2026-09-05 18:06:49.132: [INFO] BookmarkModelLoaded, ids_reassigned: 0
2026-09-05 18:06:49.132: [INFO] BookmarksLoadDropped droppedNodes=0
2026-09-05 18:06:49.132: [INFO] BookmarksSnapshot Startup total=0 bar=0 other=0 mobile=0 showBar=0 showBarNTP=1
2026-09-05 18:07:48.977: [INFO] BookmarksSnapshot Shutdown total=0 bar=0 other=0 mobile=0 showBar=0 showBarNTP=1
2026-09-05 18:08:01.172: [INFO] CurrentProfilePath: C:\Users\alex_\Desktop\Curso de Java\workspace\.metadata\.plugins\org.eclipse.swt\EBWebView\Default
2026-09-05 18:08:01.172: [INFO] Profiles total count: 1
2026-09-05 18:08:01.172: [INFO] Profile: name=Perfil 1 path=C:\Users\alex_\Desktop\Curso de Java\workspace\.metadata\.plugins\org.eclipse.swt\EBWebView\Default lastActive=null
2026-09-05 18:08:01.172: [INFO] LastUsedProfileDir: C:\Users\alex_\Desktop\Curso de Java\workspace\.metadata\.plugins\org.eclipse.swt\EBWebView\Default
2026-09-05 18:08:01.172: [INFO] OnDoneLoading sync enabled: 0
2026-09-05 18:08:01.172: [INFO] BookmarkModelLoaded, ids_reassigned: 0
2026-09-05 18:08:01.172: [INFO] BookmarksLoadDropped droppedNodes=0
2026-09-05 18:08:01.172: [INFO] BookmarksSnapshot Startup total=0 bar=0 other=0 mobile=0 showBar=0 showBarNTP=1
2026-09-05 18:09:04.724: [INFO] BookmarksSnapshot Shutdown total=0 bar=0 other=0 mobile=0 showBar=0 showBarNTP=1
2026-09-05 18:10:23.995: [INFO] CurrentProfilePath: C:\Users\alex_\Desktop\Curso de Java\workspace\.metadata\.plugins\org.eclipse.swt\EBWebView\Default
2026-09-05 18:10:23.995: [INFO] Profiles total count: 1
2026-09-05 18:10:23.995: [INFO] Profile: name=Perfil 1 path=C:\Users\alex_\Desktop\Curso de Java\workspace\.metadata\.plugins\org.eclipse.swt\EBWebView\Default lastActive=null
2026-09-05 18:10:23.995: [INFO] LastUsedProfileDir: C:\Users\alex_\Desktop\Curso de Java\workspace\.metadata\.plugins\org.eclipse.swt\EBWebView\Default
2026-09-05 18:10:23.995: [INFO] OnDoneLoading sync enabled: 0
2026-09-05 18:10:23.995: [INFO] BookmarkModelLoaded, ids_reassigned: 0
2026-09-05 18:10:23.995: [INFO] BookmarksLoadDropped droppedNodes=0
2026-09-05 18:10:23.995: [INFO] BookmarksSnapshot Startup total=0 bar=0 other=0 mobile=0 showBar=0 showBarNTP=1
2026-09-05 18:15:57.567: [INFO] BookmarksSnapshot Shutdown total=0 bar=0 other=0 mobile=0 showBar=0 showBarNTP=1
2026-09-05 19:29:23.627: [INFO] CurrentProfilePath: C:\Users\alex_\Desktop\Curso de Java\workspace\.metadata\.plugins\org.eclipse.swt\EBWebView\Default
2026-09-05 19:29:23.627: [INFO] Profiles total count: 1
2026-09-05 19:29:23.627: [INFO] Profile: name=Perfil 1 path=C:\Users\alex_\Desktop\Curso de Java\workspace\.metadata\.plugins\org.eclipse.swt\EBWebView\Default lastActive=null
2026-09-05 19:29:23.627: [INFO] LastUsedProfileDir: C:\Users\alex_\Desktop\Curso de Java\workspace\.metadata\.plugins\org.eclipse.swt\EBWebView\Default
2026-09-05 19:29:23.627: [INFO] OnDoneLoading sync enabled: 0
2026-09-05 19:29:23.627: [INFO] BookmarkModelLoaded, ids_reassigned: 0
2026-09-05 19:29:23.627: [INFO] BookmarksLoadDropped droppedNodes=0
2026-09-05 19:29:23.627: [INFO] BookmarksSnapshot Startup total=0 bar=0 other=0 mobile=0 showBar=0 showBarNTP=1
2026-09-05 19:30:34.625: [INFO] BookmarksSnapshot Shutdown total=0 bar=0 other=0 mobile=0 showBar=0 showBarNTP=1
2026-09-05 19:33:05.393: [INFO] CurrentProfilePath: C:\Users\alex_\Desktop\Curso de Java\workspace\.metadata\.plugins\org.eclipse.swt\EBWebView\Default
2026-09-05 19:33:05.393: [INFO] Profiles total count: 1
2026-09-05 19:33:05.393: [INFO] Profile: name=Perfil 1 path=C:\Users\alex_\Desktop\Curso de Java\workspace\.metadata\.plugins\org.eclipse.swt\EBWebView\Default lastActive=null
2026-09-05 19:33:05.393: [INFO] LastUsedProfileDir: C:\Users\alex_\Desktop\Curso de Java\workspace\.metadata\.plugins\org.eclipse.swt\EBWebView\Default
2026-09-05 19:33:05.393: [INFO] OnDoneLoading sync enabled: 0
2026-09-05 19:33:05.393: [INFO] BookmarkModelLoaded, ids_reassigned: 0
2026-09-05 19:33:05.393: [INFO] BookmarksLoadDropped droppedNodes=0
2026-09-05 19:33:05.393: [INFO] BookmarksSnapshot Startup total=0 bar=0 other=0 mobile=0 showBar=0 showBarNTP=1
2026-09-05 19:37:11.515: [INFO] BookmarksSnapshot Shutdown total=0 bar=0 other=0 mobile=0 showBar=0 showBarNTP=1
2026-09-05 19:37:11.578: [INFO] CurrentProfilePath: C:\Users\alex_\Desktop\Curso de Java\workspace\.metadata\.plugins\org.eclipse.swt\EBWebView\Default
2026-09-05 19:37:11.578: [INFO] Profiles total count: 1
2026-09-05 19:37:11.578: [INFO] Profile: name=Perfil 1 path=C:\Users\alex_\Desktop\Curso de Java\workspace\.metadata\.plugins\org.eclipse.swt\EBWebView\Default lastActive=null
2026-09-05 19:37:11.578: [INFO] LastUsedProfileDir: C:\Users\alex_\Desktop\Curso de Java\workspace\.metadata\.plugins\org.eclipse.swt\EBWebView\Default
2026-09-05 19:37:11.578: [INFO] OnDoneLoading sync enabled: 0
2026-09-05 19:37:11.578: [INFO] BookmarkModelLoaded, ids_reassigned: 0
2026-09-05 19:37:11.578: [INFO] BookmarksLoadDropped droppedNodes=0
2026-09-05 19:37:11.578: [INFO] BookmarksSnapshot Startup total=0 bar=0 other=0 mobile=0 showBar=0 showBarNTP=1
2026-09-05 19:38:54.477: [INFO] BookmarksSnapshot Shutdown total=0 bar=0 other=0 mobile=0 showBar=0 showBarNTP=1
2026-09-05 19:41:59.803: [INFO] CurrentProfilePath: C:\Users\alex_\Desktop\Curso de Java\workspace\.metadata\.plugins\org.eclipse.swt\EBWebView\Default
2026-09-05 19:41:59.803: [INFO] Profiles total count: 1
2026-09-05 19:41:59.803: [INFO] Profile: name=Perfil 1 path=C:\Users\alex_\Desktop\Curso de Java\workspace\.metadata\.plugins\org.eclipse.swt\EBWebView\Default lastActive=null
2026-09-05 19:41:59.803: [INFO] LastUsedProfileDir: C:\Users\alex_\Desktop\Curso de Java\workspace\.metadata\.plugins\org.eclipse.swt\EBWebView\Default
2026-09-05 19:41:59.803: [INFO] OnDoneLoading sync enabled: 0
2026-09-05 19:41:59.803: [INFO] BookmarkModelLoaded, ids_reassigned: 0
2026-09-05 19:41:59.803: [INFO] BookmarksLoadDropped droppedNodes=0
2026-09-05 19:41:59.803: [INFO] BookmarksSnapshot Startup total=0 bar=0 other=0 mobile=0 showBar=0 showBarNTP=1
2026-09-05 19:43:59.081: [INFO] BookmarksSnapshot Shutdown total=0 bar=0 other=0 mobile=0 showBar=0 showBarNTP=1
2026-09-05 19:44:04.046: [INFO] CurrentProfilePath: C:\Users\alex_\Desktop\Curso de Java\workspace\.metadata\.plugins\org.eclipse.swt\EBWebView\Default
2026-09-05 19:44:04.046: [INFO] Profiles total count: 1
2026-09-05 19:44:04.046: [INFO] Profile: name=Perfil 1 path=C:\Users\alex_\Desktop\Curso de Java\workspace\.metadata\.plugins\org.eclipse.swt\EBWebView\Default lastActive=null
2026-09-05 19:44:04.046: [INFO] LastUsedProfileDir: C:\Users\alex_\Desktop\Curso de Java\workspace\.metadata\.plugins\org.eclipse.swt\EBWebView\Default
2026-09-05 19:44:04.046: [INFO] OnDoneLoading sync enabled: 0
2026-09-05 19:44:04.046: [INFO] BookmarkModelLoaded, ids_reassigned: 0
2026-09-05 19:44:04.046: [INFO] BookmarksLoadDropped droppedNodes=0
2026-09-05 19:44:04.046: [INFO] BookmarksSnapshot Startup total=0 bar=0 other=0 mobile=0 showBar=0 showBarNTP=1
2026-09-05 19:52:38.386: [INFO] BookmarksSnapshot Shutdown total=0 bar=0 other=0 mobile=0 showBar=0 showBarNTP=1
2026-09-05 19:52:43.733: [INFO] CurrentProfilePath: C:\Users\alex_\Desktop\Curso de Java\workspace\.metadata\.plugins\org.eclipse.swt\EBWebView\Default
2026-09-05 19:52:43.733: [INFO] Profiles total count: 1
2026-09-05 19:52:43.733: [INFO] Profile: name=Perfil 1 path=C:\Users\alex_\Desktop\Curso de Java\workspace\.metadata\.plugins\org.eclipse.swt\EBWebView\Default lastActive=null
2026-09-05 19:52:43.733: [INFO] LastUsedProfileDir: C:\Users\alex_\Desktop\Curso de Java\workspace\.metadata\.plugins\org.eclipse.swt\EBWebView\Default
2026-09-05 19:52:43.733: [INFO] OnDoneLoading sync enabled: 0
2026-09-05 19:52:43.733: [INFO] BookmarkModelLoaded, ids_reassigned: 0
2026-09-05 19:52:43.733: [INFO] BookmarksLoadDropped droppedNodes=0
2026-09-05 19:52:43.733: [INFO] BookmarksSnapshot Startup total=0 bar=0 other=0 mobile=0 showBar=0 showBarNTP=1
2026-09-05 21:51:47.907: [INFO] BookmarksSnapshot Shutdown total=0 bar=0 other=0 mobile=0 showBar=0 showBarNTP=1
2026-09-05 21:59:57.390: [INFO] CurrentProfilePath: C:\Users\alex_\Desktop\Curso de Java\workspace\.metadata\.plugins\org.eclipse.swt\EBWebView\Default
2026-09-05 21:59:57.391: [INFO] Profiles total count: 1
2026-09-05 21:59:57.391: [INFO] Profile: name=Perfil 1 path=C:\Users\alex_\Desktop\Curso de Java\workspace\.metadata\.plugins\org.eclipse.swt\EBWebView\Default lastActive=null
2026-09-05 21:59:57.391: [INFO] LastUsedProfileDir: C:\Users\alex_\Desktop\Curso de Java\workspace\.metadata\.plugins\org.eclipse.swt\EBWebView\Default
2026-09-05 21:59:57.391: [INFO] OnDoneLoading sync enabled: 0
2026-09-05 21:59:57.391: [INFO] BookmarkModelLoaded, ids_reassigned: 0
2026-09-05 21:59:57.391: [INFO] BookmarksLoadDropped droppedNodes=0
2026-09-05 21:59:57.391: [INFO] BookmarksSnapshot Startup total=0 bar=0 other=0 mobile=0 showBar=0 showBarNTP=1
2026-09-05 22:00:03.514: [INFO] BookmarksSnapshot Shutdown total=0 bar=0 other=0 mobile=0 showBar=0 showBarNTP=1
2026-09-05 22:00:10.963: [INFO] CurrentProfilePath: C:\Users\alex_\Desktop\Curso de Java\workspace\.metadata\.plugins\org.eclipse.swt\EBWebView\Default
2026-09-05 22:00:10.963: [INFO] Profiles total count: 1
2026-09-05 22:00:10.963: [INFO] Profile: name=Perfil 1 path=C:\Users\alex_\Desktop\Curso de Java\workspace\.metadata\.plugins\org.eclipse.swt\EBWebView\Default lastActive=null
2026-09-05 22:00:10.963: [INFO] LastUsedProfileDir: C:\Users\alex_\Desktop\Curso de Java\workspace\.metadata\.plugins\org.eclipse.swt\EBWebView\Default
2026-09-05 22:00:10.963: [INFO] OnDoneLoading sync enabled: 0
2026-09-05 22:00:10.963: [INFO] BookmarkModelLoaded, ids_reassigned: 0
2026-09-05 22:00:10.963: [INFO] BookmarksLoadDropped droppedNodes=0
2026-09-05 22:00:10.963: [INFO] BookmarksSnapshot Startup total=0 bar=0 other=0 mobile=0 showBar=0 showBarNTP=1
2026-09-05 22:08:20.048: [INFO] BookmarksSnapshot Shutdown total=0 bar=0 other=0 mobile=0 showBar=0 showBarNTP=1
2026-09-05 22:08:36.306: [INFO] CurrentProfilePath: C:\Users\alex_\Desktop\Curso de Java\workspace\.metadata\.plugins\org.eclipse.swt\EBWebView\Default
2026-09-05 22:08:36.306: [INFO] Profiles total count: 1
2026-09-05 22:08:36.306: [INFO] Profile: name=Perfil 1 path=C:\Users\alex_\Desktop\Curso de Java\workspace\.metadata\.plugins\org.eclipse.swt\EBWebView\Default lastActive=null
2026-09-05 22:08:36.306: [INFO] LastUsedProfileDir: C:\Users\alex_\Desktop\Curso de Java\workspace\.metadata\.plugins\org.eclipse.swt\EBWebView\Default
2026-09-05 22:08:36.306: [INFO] OnDoneLoading sync enabled: 0
2026-09-05 22:08:36.306: [INFO] BookmarkModelLoaded, ids_reassigned: 0
2026-09-05 22:08:36.306: [INFO] BookmarksLoadDropped droppedNodes=0
2026-09-05 22:08:36.306: [INFO] BookmarksSnapshot Startup total=0 bar=0 other=0 mobile=0 showBar=0 showBarNTP=1
2026-09-05 23:51:22.386: [INFO] BookmarksSnapshot Shutdown total=0 bar=0 other=0 mobile=0 showBar=0 showBarNTP=1
2026-09-05 23:51:53.287: [INFO] CurrentProfilePath: C:\Users\alex_\Desktop\Curso de Java\workspace\.metadata\.plugins\org.eclipse.swt\EBWebView\Default
2026-09-05 23:51:53.287: [INFO] Profiles total count: 1
2026-09-05 23:51:53.288: [INFO] Profile: name=Perfil 1 path=C:\Users\alex_\Desktop\Curso de Java\workspace\.metadata\.plugins\org.eclipse.swt\EBWebView\Default lastActive=null
2026-09-05 23:51:53.288: [INFO] LastUsedProfileDir: C:\Users\alex_\Desktop\Curso de Java\workspace\.metadata\.plugins\org.eclipse.swt\EBWebView\Default
2026-09-05 23:51:53.288: [INFO] OnDoneLoading sync enabled: 0
2026-09-05 23:51:53.288: [INFO] BookmarkModelLoaded, ids_reassigned: 0
2026-09-05 23:51:53.288: [INFO] BookmarksLoadDropped droppedNodes=0
2026-09-05 23:51:53.288: [INFO] BookmarksSnapshot Startup total=0 bar=0 other=0 mobile=0 showBar=0 showBarNTP=1
2026-09-05 23:52:22.428: [INFO] BookmarksSnapshot Shutdown total=0 bar=0 other=0 mobile=0 showBar=0 showBarNTP=1
2026-09-05 23:52:28.228: [INFO] CurrentProfilePath: C:\Users\alex_\Desktop\Curso de Java\workspace\.metadata\.plugins\org.eclipse.swt\EBWebView\Default
2026-09-05 23:52:28.228: [INFO] Profiles total count: 1
2026-09-05 23:52:28.228: [INFO] Profile: name=Perfil 1 path=C:\Users\alex_\Desktop\Curso de Java\workspace\.metadata\.plugins\org.eclipse.swt\EBWebView\Default lastActive=null
2026-09-05 23:52:28.228: [INFO] LastUsedProfileDir: C:\Users\alex_\Desktop\Curso de Java\workspace\.metadata\.plugins\org.eclipse.swt\EBWebView\Default
2026-09-05 23:52:28.228: [INFO] OnDoneLoading sync enabled: 0
2026-09-05 23:52:28.228: [INFO] BookmarkModelLoaded, ids_reassigned: 0
2026-09-05 23:52:28.228: [INFO] BookmarksLoadDropped droppedNodes=0
2026-09-05 23:52:28.228: [INFO] BookmarksSnapshot Startup total=0 bar=0 other=0 mobile=0 showBar=0 showBarNTP=1
2026-09-05 23:55:09.727: [INFO] BookmarksSnapshot Shutdown total=0 bar=0 other=0 mobile=0 showBar=0 showBarNTP=1
2026-09-06 12:07:21.303: [INFO] CurrentProfilePath: C:\Users\alex_\Desktop\Curso de Java\workspace\.metadata\.plugins\org.eclipse.swt\EBWebView\Default
2026-09-06 12:07:21.303: [INFO] Profiles total count: 1
2026-09-06 12:07:21.303: [INFO] Profile: name=Perfil 1 path=C:\Users\alex_\Desktop\Curso de Java\workspace\.metadata\.plugins\org.eclipse.swt\EBWebView\Default lastActive=null
2026-09-06 12:07:21.303: [INFO] LastUsedProfileDir: C:\Users\alex_\Desktop\Curso de Java\workspace\.metadata\.plugins\org.eclipse.swt\EBWebView\Default
2026-09-06 12:07:21.303: [INFO] OnDoneLoading sync enabled: 0
2026-09-06 12:07:21.303: [INFO] BookmarkModelLoaded, ids_reassigned: 0
2026-09-06 12:07:21.303: [INFO] BookmarksLoadDropped droppedNodes=0
2026-09-06 12:07:21.303: [INFO] BookmarksSnapshot Startup total=0 bar=0 other=0 mobile=0 showBar=0 showBarNTP=1
2026-09-06 12:07:50.087: [INFO] BookmarksSnapshot Shutdown total=0 bar=0 other=0 mobile=0 showBar=0 showBarNTP=1
2026-09-06 12:12:39.511: [INFO] CurrentProfilePath: C:\Users\alex_\Desktop\Curso de Java\workspace\.metadata\.plugins\org.eclipse.swt\EBWebView\Default
2026-09-06 12:12:39.511: [INFO] Profiles total count: 1
2026-09-06 12:12:39.511: [INFO] Profile: name=Perfil 1 path=C:\Users\alex_\Desktop\Curso de Java\workspace\.metadata\.plugins\org.eclipse.swt\EBWebView\Default lastActive=null
2026-09-06 12:12:39.511: [INFO] LastUsedProfileDir: C:\Users\alex_\Desktop\Curso de Java\workspace\.metadata\.plugins\org.eclipse.swt\EBWebView\Default
2026-09-06 12:12:39.511: [INFO] OnDoneLoading sync enabled: 0
2026-09-06 12:12:39.511: [INFO] BookmarkModelLoaded, ids_reassigned: 0
2026-09-06 12:12:39.511: [INFO] BookmarksLoadDropped droppedNodes=0
2026-09-06 12:12:39.511: [INFO] BookmarksSnapshot Startup total=0 bar=0 other=0 mobile=0 showBar=0 showBarNTP=1
2026-09-06 12:20:59.282: [INFO] BookmarksSnapshot Shutdown total=0 bar=0 other=0 mobile=0 showBar=0 showBarNTP=1
2026-09-06 12:25:19.658: [INFO] CurrentProfilePath: C:\Users\alex_\Desktop\Curso de Java\workspace\.metadata\.plugins\org.eclipse.swt\EBWebView\Default
2026-09-06 12:25:19.658: [INFO] Profiles total count: 1
2026-09-06 12:25:19.658: [INFO] Profile: name=Perfil 1 path=C:\Users\alex_\Desktop\Curso de Java\workspace\.metadata\.plugins\org.eclipse.swt\EBWebView\Default lastActive=null
2026-09-06 12:25:19.658: [INFO] LastUsedProfileDir: C:\Users\alex_\Desktop\Curso de Java\workspace\.metadata\.plugins\org.eclipse.swt\EBWebView\Default
2026-09-06 12:25:19.658: [INFO] OnDoneLoading sync enabled: 0
2026-09-06 12:25:19.658: [INFO] BookmarkModelLoaded, ids_reassigned: 0
2026-09-06 12:25:19.658: [INFO] BookmarksLoadDropped droppedNodes=0
2026-09-06 12:25:19.658: [INFO] BookmarksSnapshot Startup total=0 bar=0 other=0 mobile=0 showBar=0 showBarNTP=1
2026-09-06 12:26:29.986: [INFO] BookmarksSnapshot Shutdown total=0 bar=0 other=0 mobile=0 showBar=0 showBarNTP=1
2026-09-06 12:27:24.334: [INFO] CurrentProfilePath: C:\Users\alex_\Desktop\Curso de Java\workspace\.metadata\.plugins\org.eclipse.swt\EBWebView\Default
2026-09-06 12:27:24.334: [INFO] Profiles total count: 1
2026-09-06 12:27:24.334: [INFO] Profile: name=Perfil 1 path=C:\Users\alex_\Desktop\Curso de Java\workspace\.metadata\.plugins\org.eclipse.swt\EBWebView\Default lastActive=null
2026-09-06 12:27:24.334: [INFO] LastUsedProfileDir: C:\Users\alex_\Desktop\Curso de Java\workspace\.metadata\.plugins\org.eclipse.swt\EBWebView\Default
2026-09-06 12:27:24.334: [INFO] OnDoneLoading sync enabled: 0
2026-09-06 12:27:24.334: [INFO] BookmarkModelLoaded, ids_reassigned: 0
2026-09-06 12:27:24.334: [INFO] BookmarksLoadDropped droppedNodes=0
2026-09-06 12:27:24.334: [INFO] BookmarksSnapshot Startup total=0 bar=0 other=0 mobile=0 showBar=0 showBarNTP=1
2026-09-06 12:52:04.470: [INFO] BookmarksSnapshot Shutdown total=0 bar=0 other=0 mobile=0 showBar=0 showBarNTP=1
2026-09-07 10:12:56.072: [INFO] CurrentProfilePath: C:\Users\alex_\Desktop\Curso de Java\workspace\.metadata\.plugins\org.eclipse.swt\EBWebView\Default
2026-09-07 10:12:56.072: [INFO] Profiles total count: 1
2026-09-07 10:12:56.072: [INFO] Profile: name=Perfil 1 path=C:\Users\alex_\Desktop\Curso de Java\workspace\.metadata\.plugins\org.eclipse.swt\EBWebView\Default lastActive=null
2026-09-07 10:12:56.072: [INFO] LastUsedProfileDir: C:\Users\alex_\Desktop\Curso de Java\workspace\.metadata\.plugins\org.eclipse.swt\EBWebView\Default
2026-09-07 10:12:56.072: [INFO] OnDoneLoading sync enabled: 0
2026-09-07 10:12:56.072: [INFO] BookmarkModelLoaded, ids_reassigned: 0
2026-09-07 10:12:56.072: [INFO] BookmarksLoadDropped droppedNodes=0
2026-09-07 10:12:56.072: [INFO] BookmarksSnapshot Startup total=0 bar=0 other=0 mobile=0 showBar=0 showBarNTP=1
2026-09-07 10:17:24.315: [INFO] BookmarksSnapshot Shutdown total=0 bar=0 other=0 mobile=0 showBar=0 showBarNTP=1
2026-09-07 10:17:41.978: [INFO] CurrentProfilePath: C:\Users\alex_\Desktop\Curso de Java\workspace\.metadata\.plugins\org.eclipse.swt\EBWebView\Default
2026-09-07 10:17:41.978: [INFO] Profiles total count: 1
2026-09-07 10:17:41.978: [INFO] Profile: name=Perfil 1 path=C:\Users\alex_\Desktop\Curso de Java\workspace\.metadata\.plugins\org.eclipse.swt\EBWebView\Default lastActive=null
2026-09-07 10:17:41.978: [INFO] LastUsedProfileDir: C:\Users\alex_\Desktop\Curso de Java\workspace\.metadata\.plugins\org.eclipse.swt\EBWebView\Default
2026-09-07 10:17:41.978: [INFO] OnDoneLoading sync enabled: 0
2026-09-07 10:17:41.978: [INFO] BookmarkModelLoaded, ids_reassigned: 0
2026-09-07 10:17:41.978: [INFO] BookmarksLoadDropped droppedNodes=0
2026-09-07 10:17:41.978: [INFO] BookmarksSnapshot Startup total=0 bar=0 other=0 mobile=0 showBar=0 showBarNTP=1
2026-09-07 10:17:45.587: [INFO] BookmarksSnapshot Shutdown total=0 bar=0 other=0 mobile=0 showBar=0 showBarNTP=1
2026-09-07 10:24:53.318: [INFO] CurrentProfilePath: C:\Users\alex_\Desktop\Curso de Java\workspace\.metadata\.plugins\org.eclipse.swt\EBWebView\Default
2026-09-07 10:24:53.318: [INFO] Profiles total count: 1
2026-09-07 10:24:53.318: [INFO] Profile: name=Perfil 1 path=C:\Users\alex_\Desktop\Curso de Java\workspace\.metadata\.plugins\org.eclipse.swt\EBWebView\Default lastActive=null
2026-09-07 10:24:53.318: [INFO] LastUsedProfileDir: C:\Users\alex_\Desktop\Curso de Java\workspace\.metadata\.plugins\org.eclipse.swt\EBWebView\Default
2026-09-07 10:24:53.318: [INFO] OnDoneLoading sync enabled: 0
2026-09-07 10:24:53.318: [INFO] BookmarkModelLoaded, ids_reassigned: 0
2026-09-07 10:24:53.318: [INFO] BookmarksLoadDropped droppedNodes=0
2026-09-07 10:24:53.318: [INFO] BookmarksSnapshot Startup total=0 bar=0 other=0 mobile=0 showBar=0 showBarNTP=1
2026-09-07 10:26:44.996: [INFO] BookmarksSnapshot Shutdown total=0 bar=0 other=0 mobile=0 showBar=0 showBarNTP=1
2026-09-07 10:27:44.852: [INFO] CurrentProfilePath: C:\Users\alex_\Desktop\Curso de Java\workspace\.metadata\.plugins\org.eclipse.swt\EBWebView\Default
2026-09-07 10:27:44.852: [INFO] Profiles total count: 1
2026-09-07 10:27:44.852: [INFO] Profile: name=Perfil 1 path=C:\Users\alex_\Desktop\Curso de Java\workspace\.metadata\.plugins\org.eclipse.swt\EBWebView\Default lastActive=null
2026-09-07 10:27:44.852: [INFO] LastUsedProfileDir: C:\Users\alex_\Desktop\Curso de Java\workspace\.metadata\.plugins\org.eclipse.swt\EBWebView\Default
2026-09-07 10:27:44.852: [INFO] OnDoneLoading sync enabled: 0
2026-09-07 10:27:44.852: [INFO] BookmarkModelLoaded, ids_reassigned: 0
2026-09-07 10:27:44.852: [INFO] BookmarksLoadDropped droppedNodes=0
2026-09-07 10:27:44.852: [INFO] BookmarksSnapshot Startup total=0 bar=0 other=0 mobile=0 showBar=0 showBarNTP=1
2026-09-07 10:28:40.595: [INFO] BookmarksSnapshot Shutdown total=0 bar=0 other=0 mobile=0 showBar=0 showBarNTP=1
2026-09-07 10:29:02.298: [INFO] CurrentProfilePath: C:\Users\alex_\Desktop\Curso de Java\workspace\.metadata\.plugins\org.eclipse.swt\EBWebView\Default
2026-09-07 10:29:02.298: [INFO] Profiles total count: 1
2026-09-07 10:29:02.298: [INFO] Profile: name=Perfil 1 path=C:\Users\alex_\Desktop\Curso de Java\workspace\.metadata\.plugins\org.eclipse.swt\EBWebView\Default lastActive=null
2026-09-07 10:29:02.298: [INFO] LastUsedProfileDir: C:\Users\alex_\Desktop\Curso de Java\workspace\.metadata\.plugins\org.eclipse.swt\EBWebView\Default
2026-09-07 10:29:02.298: [INFO] OnDoneLoading sync enabled: 0
2026-09-07 10:29:02.298: [INFO] BookmarkModelLoaded, ids_reassigned: 0
2026-09-07 10:29:02.298: [INFO] BookmarksLoadDropped droppedNodes=0
2026-09-07 10:29:02.298: [INFO] BookmarksSnapshot Startup total=0 bar=0 other=0 mobile=0 showBar=0 showBarNTP=1
2026-09-07 10:29:02.371: [INFO] BookmarksSnapshot Shutdown total=0 bar=0 other=0 mobile=0 showBar=0 showBarNTP=1
2026-09-07 10:29:43.170: [INFO] CurrentProfilePath: C:\Users\alex_\Desktop\Curso de Java\workspace\.metadata\.plugins\org.eclipse.swt\EBWebView\Default
2026-09-07 10:29:43.170: [INFO] Profiles total count: 1
2026-09-07 10:29:43.170: [INFO] Profile: name=Perfil 1 path=C:\Users\alex_\Desktop\Curso de Java\workspace\.metadata\.plugins\org.eclipse.swt\EBWebView\Default lastActive=null
2026-09-07 10:29:43.170: [INFO] LastUsedProfileDir: C:\Users\alex_\Desktop\Curso de Java\workspace\.metadata\.plugins\org.eclipse.swt\EBWebView\Default
2026-09-07 10:29:43.170: [INFO] OnDoneLoading sync enabled: 0
2026-09-07 10:29:43.170: [INFO] BookmarkModelLoaded, ids_reassigned: 0
2026-09-07 10:29:43.170: [INFO] BookmarksLoadDropped droppedNodes=0
2026-09-07 10:29:43.170: [INFO] BookmarksSnapshot Startup total=0 bar=0 other=0 mobile=0 showBar=0 showBarNTP=1
2026-09-07 10:32:05.484: [INFO] BookmarksSnapshot Shutdown total=0 bar=0 other=0 mobile=0 showBar=0 showBarNTP=1
2026-09-07 10:32:22.139: [INFO] CurrentProfilePath: C:\Users\alex_\Desktop\Curso de Java\workspace\.metadata\.plugins\org.eclipse.swt\EBWebView\Default
2026-09-07 10:32:22.139: [INFO] Profiles total count: 1
2026-09-07 10:32:22.139: [INFO] Profile: name=Perfil 1 path=C:\Users\alex_\Desktop\Curso de Java\workspace\.metadata\.plugins\org.eclipse.swt\EBWebView\Default lastActive=null
2026-09-07 10:32:22.139: [INFO] LastUsedProfileDir: C:\Users\alex_\Desktop\Curso de Java\workspace\.metadata\.plugins\org.eclipse.swt\EBWebView\Default
2026-09-07 10:32:22.139: [INFO] OnDoneLoading sync enabled: 0
2026-09-07 10:32:22.139: [INFO] BookmarkModelLoaded, ids_reassigned: 0
2026-09-07 10:32:22.139: [INFO] BookmarksLoadDropped droppedNodes=0
2026-09-07 10:32:22.139: [INFO] BookmarksSnapshot Startup total=0 bar=0 other=0 mobile=0 showBar=0 showBarNTP=1
2026-09-07 10:32:49.698: [INFO] BookmarksSnapshot Shutdown total=0 bar=0 other=0 mobile=0 showBar=0 showBarNTP=1
2026-09-07 10:33:08.511: [INFO] CurrentProfilePath: C:\Users\alex_\Desktop\Curso de Java\workspace\.metadata\.plugins\org.eclipse.swt\EBWebView\Default
2026-09-07 10:33:08.511: [INFO] Profiles total count: 1
2026-09-07 10:33:08.511: [INFO] Profile: name=Perfil 1 path=C:\Users\alex_\Desktop\Curso de Java\workspace\.metadata\.plugins\org.eclipse.swt\EBWebView\Default lastActive=null
2026-09-07 10:33:08.511: [INFO] LastUsedProfileDir: C:\Users\alex_\Desktop\Curso de Java\workspace\.metadata\.plugins\org.eclipse.swt\EBWebView\Default
2026-09-07 10:33:08.511: [INFO] OnDoneLoading sync enabled: 0
2026-09-07 10:33:08.511: [INFO] BookmarkModelLoaded, ids_reassigned: 0
2026-09-07 10:33:08.511: [INFO] BookmarksLoadDropped droppedNodes=0
2026-09-07 10:33:08.511: [INFO] BookmarksSnapshot Startup total=0 bar=0 other=0 mobile=0 showBar=0 showBarNTP=1
2026-09-07 10:36:46.553: [INFO] BookmarksSnapshot Shutdown total=0 bar=0 other=0 mobile=0 showBar=0 showBarNTP=1
2026-09-07 10:38:21.568: [INFO] CurrentProfilePath: C:\Users\alex_\Desktop\Curso de Java\workspace\.metadata\.plugins\org.eclipse.swt\EBWebView\Default
2026-09-07 10:38:21.568: [INFO] Profiles total count: 1
2026-09-07 10:38:21.568: [INFO] Profile: name=Perfil 1 path=C:\Users\alex_\Desktop\Curso de Java\workspace\.metadata\.plugins\org.eclipse.swt\EBWebView\Default lastActive=null
2026-09-07 10:38:21.568: [INFO] LastUsedProfileDir: C:\Users\alex_\Desktop\Curso de Java\workspace\.metadata\.plugins\org.eclipse.swt\EBWebView\Default
2026-09-07 10:38:21.568: [INFO] OnDoneLoading sync enabled: 0
2026-09-07 10:38:21.568: [INFO] BookmarkModelLoaded, ids_reassigned: 0
2026-09-07 10:38:21.568: [INFO] BookmarksLoadDropped droppedNodes=0
2026-09-07 10:38:21.568: [INFO] BookmarksSnapshot Startup total=0 bar=0 other=0 mobile=0 showBar=0 showBarNTP=1
2026-09-07 10:38:23.808: [INFO] BookmarksSnapshot Shutdown total=0 bar=0 other=0 mobile=0 showBar=0 showBarNTP=1
2026-09-07 10:38:39.942: [INFO] CurrentProfilePath: C:\Users\alex_\Desktop\Curso de Java\workspace\.metadata\.plugins\org.eclipse.swt\EBWebView\Default
2026-09-07 10:38:39.942: [INFO] Profiles total count: 1
2026-09-07 10:38:39.942: [INFO] Profile: name=Perfil 1 path=C:\Users\alex_\Desktop\Curso de Java\workspace\.metadata\.plugins\org.eclipse.swt\EBWebView\Default lastActive=null
2026-09-07 10:38:39.942: [INFO] LastUsedProfileDir: C:\Users\alex_\Desktop\Curso de Java\workspace\.metadata\.plugins\org.eclipse.swt\EBWebView\Default
2026-09-07 10:38:39.942: [INFO] OnDoneLoading sync enabled: 0
2026-09-07 10:38:39.942: [INFO] BookmarkModelLoaded, ids_reassigned: 0
2026-09-07 10:38:39.942: [INFO] BookmarksLoadDropped droppedNodes=0
2026-09-07 10:38:39.942: [INFO] BookmarksSnapshot Startup total=0 bar=0 other=0 mobile=0 showBar=0 showBarNTP=1
2026-09-07 10:38:59.531: [INFO] BookmarksSnapshot Shutdown total=0 bar=0 other=0 mobile=0 showBar=0 showBarNTP=1
2026-09-07 10:39:09.460: [INFO] CurrentProfilePath: C:\Users\alex_\Desktop\Curso de Java\workspace\.metadata\.plugins\org.eclipse.swt\EBWebView\Default
2026-09-07 10:39:09.460: [INFO] Profiles total count: 1
2026-09-07 10:39:09.460: [INFO] Profile: name=Perfil 1 path=C:\Users\alex_\Desktop\Curso de Java\workspace\.metadata\.plugins\org.eclipse.swt\EBWebView\Default lastActive=null
2026-09-07 10:39:09.460: [INFO] LastUsedProfileDir: C:\Users\alex_\Desktop\Curso de Java\workspace\.metadata\.plugins\org.eclipse.swt\EBWebView\Default
2026-09-07 10:39:09.460: [INFO] OnDoneLoading sync enabled: 0
2026-09-07 10:39:09.460: [INFO] BookmarkModelLoaded, ids_reassigned: 0
2026-09-07 10:39:09.460: [INFO] BookmarksLoadDropped droppedNodes=0
2026-09-07 10:39:09.460: [INFO] BookmarksSnapshot Startup total=0 bar=0 other=0 mobile=0 showBar=0 showBarNTP=1
2026-09-07 10:39:24.864: [INFO] BookmarksSnapshot Shutdown total=0 bar=0 other=0 mobile=0 showBar=0 showBarNTP=1
2026-09-07 10:39:24.942: [INFO] CurrentProfilePath: C:\Users\alex_\Desktop\Curso de Java\workspace\.metadata\.plugins\org.eclipse.swt\EBWebView\Default
2026-09-07 10:39:24.942: [INFO] Profiles total count: 1
2026-09-07 10:39:24.942: [INFO] Profile: name=Perfil 1 path=C:\Users\alex_\Desktop\Curso de Java\workspace\.metadata\.plugins\org.eclipse.swt\EBWebView\Default lastActive=null
2026-09-07 10:39:24.942: [INFO] LastUsedProfileDir: C:\Users\alex_\Desktop\Curso de Java\workspace\.metadata\.plugins\org.eclipse.swt\EBWebView\Default
2026-09-07 10:39:24.942: [INFO] OnDoneLoading sync enabled: 0
2026-09-07 10:39:24.942: [INFO] BookmarkModelLoaded, ids_reassigned: 0
2026-09-07 10:39:24.942: [INFO] BookmarksLoadDropped droppedNodes=0
2026-09-07 10:39:24.942: [INFO] BookmarksSnapshot Startup total=0 bar=0 other=0 mobile=0 showBar=0 showBarNTP=1
2026-09-07 10:39:49.974: [INFO] BookmarksSnapshot Shutdown total=0 bar=0 other=0 mobile=0 showBar=0 showBarNTP=1
2026-09-07 10:40:40.715: [INFO] CurrentProfilePath: C:\Users\alex_\Desktop\Curso de Java\workspace\.metadata\.plugins\org.eclipse.swt\EBWebView\Default
2026-09-07 10:40:40.715: [INFO] Profiles total count: 1
2026-09-07 10:40:40.715: [INFO] Profile: name=Perfil 1 path=C:\Users\alex_\Desktop\Curso de Java\workspace\.metadata\.plugins\org.eclipse.swt\EBWebView\Default lastActive=null
2026-09-07 10:40:40.715: [INFO] LastUsedProfileDir: C:\Users\alex_\Desktop\Curso de Java\workspace\.metadata\.plugins\org.eclipse.swt\EBWebView\Default
2026-09-07 10:40:40.715: [INFO] OnDoneLoading sync enabled: 0
2026-09-07 10:40:40.715: [INFO] BookmarkModelLoaded, ids_reassigned: 0
2026-09-07 10:40:40.715: [INFO] BookmarksLoadDropped droppedNodes=0
2026-09-07 10:40:40.715: [INFO] BookmarksSnapshot Startup total=0 bar=0 other=0 mobile=0 showBar=0 showBarNTP=1
2026-09-07 10:47:18.457: [INFO] BookmarksSnapshot Shutdown total=0 bar=0 other=0 mobile=0 showBar=0 showBarNTP=1
2026-09-07 10:50:10.104: [INFO] CurrentProfilePath: C:\Users\alex_\Desktop\Curso de Java\workspace\.metadata\.plugins\org.eclipse.swt\EBWebView\Default
2026-09-07 10:50:10.104: [INFO] Profiles total count: 1
2026-09-07 10:50:10.104: [INFO] Profile: name=Perfil 1 path=C:\Users\alex_\Desktop\Curso de Java\workspace\.metadata\.plugins\org.eclipse.swt\EBWebView\Default lastActive=null
2026-09-07 10:50:10.104: [INFO] LastUsedProfileDir: C:\Users\alex_\Desktop\Curso de Java\workspace\.metadata\.plugins\org.eclipse.swt\EBWebView\Default
2026-09-07 10:50:10.104: [INFO] OnDoneLoading sync enabled: 0
2026-09-07 10:50:10.104: [INFO] BookmarkModelLoaded, ids_reassigned: 0
2026-09-07 10:50:10.104: [INFO] BookmarksLoadDropped droppedNodes=0
2026-09-07 10:50:10.104: [INFO] BookmarksSnapshot Startup total=0 bar=0 other=0 mobile=0 showBar=0 showBarNTP=1
2026-09-07 10:52:26.385: [INFO] BookmarksSnapshot Shutdown total=0 bar=0 other=0 mobile=0 showBar=0 showBarNTP=1
2026-09-08 10:46:17.068: [INFO] CurrentProfilePath: C:\Users\alex_\Desktop\Curso de Java\workspace\.metadata\.plugins\org.eclipse.swt\EBWebView\Default
2026-09-08 10:46:17.068: [INFO] Profiles total count: 1
2026-09-08 10:46:17.068: [INFO] Profile: name=Perfil 1 path=C:\Users\alex_\Desktop\Curso de Java\workspace\.metadata\.plugins\org.eclipse.swt\EBWebView\Default lastActive=null
2026-09-08 10:46:17.068: [INFO] LastUsedProfileDir: C:\Users\alex_\Desktop\Curso de Java\workspace\.metadata\.plugins\org.eclipse.swt\EBWebView\Default
2026-09-08 10:46:17.068: [INFO] OnDoneLoading sync enabled: 0
2026-09-08 10:46:17.068: [INFO] BookmarkModelLoaded, ids_reassigned: 0
2026-09-08 10:46:17.068: [INFO] BookmarksLoadDropped droppedNodes=0
2026-09-08 10:46:17.068: [INFO] BookmarksSnapshot Startup total=0 bar=0 other=0 mobile=0 showBar=0 showBarNTP=1
2026-09-08 10:46:19.305: [INFO] BookmarksSnapshot Shutdown total=0 bar=0 other=0 mobile=0 showBar=0 showBarNTP=1
2026-09-08 10:46:50.222: [INFO] CurrentProfilePath: C:\Users\alex_\Desktop\Curso de Java\workspace\.metadata\.plugins\org.eclipse.swt\EBWebView\Default
2026-09-08 10:46:50.223: [INFO] Profiles total count: 1
2026-09-08 10:46:50.223: [INFO] Profile: name=Perfil 1 path=C:\Users\alex_\Desktop\Curso de Java\workspace\.metadata\.plugins\org.eclipse.swt\EBWebView\Default lastActive=null
2026-09-08 10:46:50.223: [INFO] LastUsedProfileDir: C:\Users\alex_\Desktop\Curso de Java\workspace\.metadata\.plugins\org.eclipse.swt\EBWebView\Default
2026-09-08 10:46:50.223: [INFO] OnDoneLoading sync enabled: 0
2026-09-08 10:46:50.223: [INFO] BookmarkModelLoaded, ids_reassigned: 0
2026-09-08 10:46:50.223: [INFO] BookmarksLoadDropped droppedNodes=0
2026-09-08 10:46:50.223: [INFO] BookmarksSnapshot Startup total=0 bar=0 other=0 mobile=0 showBar=0 showBarNTP=1
2026-09-08 10:55:39.181: [INFO] BookmarksSnapshot Shutdown total=0 bar=0 other=0 mobile=0 showBar=0 showBarNTP=1
2026-09-08 11:05:40.435: [INFO] CurrentProfilePath: C:\Users\alex_\Desktop\Curso de Java\workspace\.metadata\.plugins\org.eclipse.swt\EBWebView\Default
2026-09-08 11:05:40.435: [INFO] Profiles total count: 1
2026-09-08 11:05:40.435: [INFO] Profile: name=Perfil 1 path=C:\Users\alex_\Desktop\Curso de Java\workspace\.metadata\.plugins\org.eclipse.swt\EBWebView\Default lastActive=null
2026-09-08 11:05:40.435: [INFO] LastUsedProfileDir: C:\Users\alex_\Desktop\Curso de Java\workspace\.metadata\.plugins\org.eclipse.swt\EBWebView\Default
2026-09-08 11:05:40.435: [INFO] OnDoneLoading sync enabled: 0
2026-09-08 11:05:40.435: [INFO] BookmarkModelLoaded, ids_reassigned: 0
2026-09-08 11:05:40.435: [INFO] BookmarksLoadDropped droppedNodes=0
2026-09-08 11:05:40.435: [INFO] BookmarksSnapshot Startup total=0 bar=0 other=0 mobile=0 showBar=0 showBarNTP=1
2026-09-08 11:06:48.313: [INFO] BookmarksSnapshot Shutdown total=0 bar=0 other=0 mobile=0 showBar=0 showBarNTP=1
2026-09-08 11:08:11.727: [INFO] CurrentProfilePath: C:\Users\alex_\Desktop\Curso de Java\workspace\.metadata\.plugins\org.eclipse.swt\EBWebView\Default
2026-09-08 11:08:11.727: [INFO] Profiles total count: 1
2026-09-08 11:08:11.727: [INFO] Profile: name=Perfil 1 path=C:\Users\alex_\Desktop\Curso de Java\workspace\.metadata\.plugins\org.eclipse.swt\EBWebView\Default lastActive=null
2026-09-08 11:08:11.727: [INFO] LastUsedProfileDir: C:\Users\alex_\Desktop\Curso de Java\workspace\.metadata\.plugins\org.eclipse.swt\EBWebView\Default
2026-09-08 11:08:11.727: [INFO] OnDoneLoading sync enabled: 0
2026-09-08 11:08:11.727: [INFO] BookmarkModelLoaded, ids_reassigned: 0
2026-09-08 11:08:11.727: [INFO] BookmarksLoadDropped droppedNodes=0
2026-09-08 11:08:11.727: [INFO] BookmarksSnapshot Startup total=0 bar=0 other=0 mobile=0 showBar=0 showBarNTP=1
2026-09-08 11:09:10.983: [INFO] BookmarksSnapshot Shutdown total=0 bar=0 other=0 mobile=0 showBar=0 showBarNTP=1
2026-09-08 11:10:05.175: [INFO] CurrentProfilePath: C:\Users\alex_\Desktop\Curso de Java\workspace\.metadata\.plugins\org.eclipse.swt\EBWebView\Default
2026-09-08 11:10:05.175: [INFO] Profiles total count: 1
2026-09-08 11:10:05.175: [INFO] Profile: name=Perfil 1 path=C:\Users\alex_\Desktop\Curso de Java\workspace\.metadata\.plugins\org.eclipse.swt\EBWebView\Default lastActive=null
2026-09-08 11:10:05.175: [INFO] LastUsedProfileDir: C:\Users\alex_\Desktop\Curso de Java\workspace\.metadata\.plugins\org.eclipse.swt\EBWebView\Default
2026-09-08 11:10:05.175: [INFO] OnDoneLoading sync enabled: 0
2026-09-08 11:10:05.175: [INFO] BookmarkModelLoaded, ids_reassigned: 0
2026-09-08 11:10:05.175: [INFO] BookmarksLoadDropped droppedNodes=0
2026-09-08 11:10:05.175: [INFO] BookmarksSnapshot Startup total=0 bar=0 other=0 mobile=0 showBar=0 showBarNTP=1
2026-09-08 11:12:11.428: [INFO] BookmarksSnapshot Shutdown total=0 bar=0 other=0 mobile=0 showBar=0 showBarNTP=1
2026-09-08 11:14:26.329: [INFO] CurrentProfilePath: C:\Users\alex_\Desktop\Curso de Java\workspace\.metadata\.plugins\org.eclipse.swt\EBWebView\Default
2026-09-08 11:14:26.329: [INFO] Profiles total count: 1
2026-09-08 11:14:26.329: [INFO] Profile: name=Perfil 1 path=C:\Users\alex_\Desktop\Curso de Java\workspace\.metadata\.plugins\org.eclipse.swt\EBWebView\Default lastActive=null
2026-09-08 11:14:26.329: [INFO] LastUsedProfileDir: C:\Users\alex_\Desktop\Curso de Java\workspace\.metadata\.plugins\org.eclipse.swt\EBWebView\Default
2026-09-08 11:14:26.329: [INFO] OnDoneLoading sync enabled: 0
2026-09-08 11:14:26.329: [INFO] BookmarkModelLoaded, ids_reassigned: 0
2026-09-08 11:14:26.329: [INFO] BookmarksLoadDropped droppedNodes=0
2026-09-08 11:14:26.329: [INFO] BookmarksSnapshot Startup total=0 bar=0 other=0 mobile=0 showBar=0 showBarNTP=1
2026-09-08 11:16:07.149: [INFO] BookmarksSnapshot Shutdown total=0 bar=0 other=0 mobile=0 showBar=0 showBarNTP=1
2026-09-08 11:17:58.084: [INFO] CurrentProfilePath: C:\Users\alex_\Desktop\Curso de Java\workspace\.metadata\.plugins\org.eclipse.swt\EBWebView\Default
2026-09-08 11:17:58.084: [INFO] Profiles total count: 1
2026-09-08 11:17:58.084: [INFO] Profile: name=Perfil 1 path=C:\Users\alex_\Desktop\Curso de Java\workspace\.metadata\.plugins\org.eclipse.swt\EBWebView\Default lastActive=null
2026-09-08 11:17:58.084: [INFO] LastUsedProfileDir: C:\Users\alex_\Desktop\Curso de Java\workspace\.metadata\.plugins\org.eclipse.swt\EBWebView\Default
2026-09-08 11:17:58.084: [INFO] OnDoneLoading sync enabled: 0
2026-09-08 11:17:58.084: [INFO] BookmarkModelLoaded, ids_reassigned: 0
2026-09-08 11:17:58.084: [INFO] BookmarksLoadDropped droppedNodes=0
2026-09-08 11:17:58.084: [INFO] BookmarksSnapshot Startup total=0 bar=0 other=0 mobile=0 showBar=0 showBarNTP=1
2026-09-08 11:18:41.616: [INFO] BookmarksSnapshot Shutdown total=0 bar=0 other=0 mobile=0 showBar=0 showBarNTP=1
2026-09-09 19:33:56.183: [INFO] CurrentProfilePath: C:\Users\alex_\Desktop\Curso de Java\workspace\.metadata\.plugins\org.eclipse.swt\EBWebView\Default
2026-09-09 19:33:56.183: [INFO] Profiles total count: 1
2026-09-09 19:33:56.183: [INFO] Profile: name=Perfil 1 path=C:\Users\alex_\Desktop\Curso de Java\workspace\.metadata\.plugins\org.eclipse.swt\EBWebView\Default lastActive=null
2026-09-09 19:33:56.183: [INFO] LastUsedProfileDir: C:\Users\alex_\Desktop\Curso de Java\workspace\.metadata\.plugins\org.eclipse.swt\EBWebView\Default
2026-09-09 19:33:56.183: [INFO] OnDoneLoading sync enabled: 0
2026-09-09 19:33:56.183: [INFO] BookmarkModelLoaded, ids_reassigned: 0
2026-09-09 19:33:56.183: [INFO] BookmarksLoadDropped droppedNodes=0
2026-09-09 19:33:56.183: [INFO] BookmarksSnapshot Startup total=0 bar=0 other=0 mobile=0 showBar=0 showBarNTP=1
2026-09-09 19:36:13.352: [INFO] BookmarksSnapshot Shutdown total=0 bar=0 other=0 mobile=0 showBar=0 showBarNTP=1
2026-09-09 19:36:26.427: [INFO] CurrentProfilePath: C:\Users\alex_\Desktop\Curso de Java\workspace\.metadata\.plugins\org.eclipse.swt\EBWebView\Default
2026-09-09 19:36:26.427: [INFO] Profiles total count: 1
2026-09-09 19:36:26.427: [INFO] Profile: name=Perfil 1 path=C:\Users\alex_\Desktop\Curso de Java\workspace\.metadata\.plugins\org.eclipse.swt\EBWebView\Default lastActive=null
2026-09-09 19:36:26.427: [INFO] LastUsedProfileDir: C:\Users\alex_\Desktop\Curso de Java\workspace\.metadata\.plugins\org.eclipse.swt\EBWebView\Default
2026-09-09 19:36:26.427: [INFO] OnDoneLoading sync enabled: 0
2026-09-09 19:36:26.427: [INFO] BookmarkModelLoaded, ids_reassigned: 0
2026-09-09 19:36:26.427: [INFO] BookmarksLoadDropped droppedNodes=0
2026-09-09 19:36:26.427: [INFO] BookmarksSnapshot Startup total=0 bar=0 other=0 mobile=0 showBar=0 showBarNTP=1
2026-09-09 19:45:02.844: [INFO] BookmarksSnapshot Shutdown total=0 bar=0 other=0 mobile=0 showBar=0 showBarNTP=1
2026-09-09 19:45:33.989: [INFO] CurrentProfilePath: C:\Users\alex_\Desktop\Curso de Java\workspace\.metadata\.plugins\org.eclipse.swt\EBWebView\Default
2026-09-09 19:45:33.990: [INFO] Profiles total count: 1
2026-09-09 19:45:33.990: [INFO] Profile: name=Perfil 1 path=C:\Users\alex_\Desktop\Curso de Java\workspace\.metadata\.plugins\org.eclipse.swt\EBWebView\Default lastActive=null
2026-09-09 19:45:33.990: [INFO] LastUsedProfileDir: C:\Users\alex_\Desktop\Curso de Java\workspace\.metadata\.plugins\org.eclipse.swt\EBWebView\Default
2026-09-09 19:45:33.990: [INFO] OnDoneLoading sync enabled: 0
2026-09-09 19:45:33.990: [INFO] BookmarkModelLoaded, ids_reassigned: 0
2026-09-09 19:45:33.990: [INFO] BookmarksLoadDropped droppedNodes=0
2026-09-09 19:45:33.990: [INFO] BookmarksSnapshot Startup total=0 bar=0 other=0 mobile=0 showBar=0 showBarNTP=1
2026-09-09 19:48:10.470: [INFO] BookmarksSnapshot Shutdown total=0 bar=0 other=0 mobile=0 showBar=0 showBarNTP=1
2026-09-09 19:48:43.103: [INFO] CurrentProfilePath: C:\Users\alex_\Desktop\Curso de Java\workspace\.metadata\.plugins\org.eclipse.swt\EBWebView\Default
2026-09-09 19:48:43.103: [INFO] Profiles total count: 1
2026-09-09 19:48:43.103: [INFO] Profile: name=Perfil 1 path=C:\Users\alex_\Desktop\Curso de Java\workspace\.metadata\.plugins\org.eclipse.swt\EBWebView\Default lastActive=null
2026-09-09 19:48:43.103: [INFO] LastUsedProfileDir: C:\Users\alex_\Desktop\Curso de Java\workspace\.metadata\.plugins\org.eclipse.swt\EBWebView\Default
2026-09-09 19:48:43.103: [INFO] OnDoneLoading sync enabled: 0
2026-09-09 19:48:43.103: [INFO] BookmarkModelLoaded, ids_reassigned: 0
2026-09-09 19:48:43.103: [INFO] BookmarksLoadDropped droppedNodes=0
2026-09-09 19:48:43.103: [INFO] BookmarksSnapshot Startup total=0 bar=0 other=0 mobile=0 showBar=0 showBarNTP=1
2026-09-09 19:48:58.237: [INFO] BookmarksSnapshot Shutdown total=0 bar=0 other=0 mobile=0 showBar=0 showBarNTP=1
2026-09-09 19:49:20.418: [INFO] CurrentProfilePath: C:\Users\alex_\Desktop\Curso de Java\workspace\.metadata\.plugins\org.eclipse.swt\EBWebView\Default
2026-09-09 19:49:20.418: [INFO] Profiles total count: 1
2026-09-09 19:49:20.418: [INFO] Profile: name=Perfil 1 path=C:\Users\alex_\Desktop\Curso de Java\workspace\.metadata\.plugins\org.eclipse.swt\EBWebView\Default lastActive=null
2026-09-09 19:49:20.418: [INFO] LastUsedProfileDir: C:\Users\alex_\Desktop\Curso de Java\workspace\.metadata\.plugins\org.eclipse.swt\EBWebView\Default
2026-09-09 19:49:20.418: [INFO] OnDoneLoading sync enabled: 0
2026-09-09 19:49:20.418: [INFO] BookmarkModelLoaded, ids_reassigned: 0
2026-09-09 19:49:20.418: [INFO] BookmarksLoadDropped droppedNodes=0
2026-09-09 19:49:20.418: [INFO] BookmarksSnapshot Startup total=0 bar=0 other=0 mobile=0 showBar=0 showBarNTP=1
2026-09-09 19:50:38.869: [INFO] BookmarksSnapshot Shutdown total=0 bar=0 other=0 mobile=0 showBar=0 showBarNTP=1
2026-09-09 19:50:48.356: [INFO] CurrentProfilePath: C:\Users\alex_\Desktop\Curso de Java\workspace\.metadata\.plugins\org.eclipse.swt\EBWebView\Default
2026-09-09 19:50:48.356: [INFO] Profiles total count: 1
2026-09-09 19:50:48.356: [INFO] Profile: name=Perfil 1 path=C:\Users\alex_\Desktop\Curso de Java\workspace\.metadata\.plugins\org.eclipse.swt\EBWebView\Default lastActive=null
2026-09-09 19:50:48.356: [INFO] LastUsedProfileDir: C:\Users\alex_\Desktop\Curso de Java\workspace\.metadata\.plugins\org.eclipse.swt\EBWebView\Default
2026-09-09 19:50:48.356: [INFO] OnDoneLoading sync enabled: 0
2026-09-09 19:50:48.356: [INFO] BookmarkModelLoaded, ids_reassigned: 0
2026-09-09 19:50:48.356: [INFO] BookmarksLoadDropped droppedNodes=0
2026-09-09 19:50:48.356: [INFO] BookmarksSnapshot Startup total=0 bar=0 other=0 mobile=0 showBar=0 showBarNTP=1
2026-09-09 19:53:58.648: [INFO] BookmarksSnapshot Shutdown total=0 bar=0 other=0 mobile=0 showBar=0 showBarNTP=1
2026-09-09 19:57:21.110: [INFO] CurrentProfilePath: C:\Users\alex_\Desktop\Curso de Java\workspace\.metadata\.plugins\org.eclipse.swt\EBWebView\Default
2026-09-09 19:57:21.110: [INFO] Profiles total count: 1
2026-09-09 19:57:21.110: [INFO] Profile: name=Perfil 1 path=C:\Users\alex_\Desktop\Curso de Java\workspace\.metadata\.plugins\org.eclipse.swt\EBWebView\Default lastActive=null
2026-09-09 19:57:21.110: [INFO] LastUsedProfileDir: C:\Users\alex_\Desktop\Curso de Java\workspace\.metadata\.plugins\org.eclipse.swt\EBWebView\Default
2026-09-09 19:57:21.110: [INFO] OnDoneLoading sync enabled: 0
2026-09-09 19:57:21.110: [INFO] BookmarkModelLoaded, ids_reassigned: 0
2026-09-09 19:57:21.110: [INFO] BookmarksLoadDropped droppedNodes=0
2026-09-09 19:57:21.110: [INFO] BookmarksSnapshot Startup total=0 bar=0 other=0 mobile=0 showBar=0 showBarNTP=1
2026-09-09 19:59:38.089: [INFO] BookmarksSnapshot Shutdown total=0 bar=0 other=0 mobile=0 showBar=0 showBarNTP=1
2026-09-09 20:01:43.863: [INFO] CurrentProfilePath: C:\Users\alex_\Desktop\Curso de Java\workspace\.metadata\.plugins\org.eclipse.swt\EBWebView\Default
2026-09-09 20:01:43.863: [INFO] Profiles total count: 1
2026-09-09 20:01:43.863: [INFO] Profile: name=Perfil 1 path=C:\Users\alex_\Desktop\Curso de Java\workspace\.metadata\.plugins\org.eclipse.swt\EBWebView\Default lastActive=null
2026-09-09 20:01:43.863: [INFO] LastUsedProfileDir: C:\Users\alex_\Desktop\Curso de Java\workspace\.metadata\.plugins\org.eclipse.swt\EBWebView\Default
2026-09-09 20:01:43.863: [INFO] OnDoneLoading sync enabled: 0
2026-09-09 20:01:43.863: [INFO] BookmarkModelLoaded, ids_reassigned: 0
2026-09-09 20:01:43.863: [INFO] BookmarksLoadDropped droppedNodes=0
2026-09-09 20:01:43.863: [INFO] BookmarksSnapshot Startup total=0 bar=0 other=0 mobile=0 showBar=0 showBarNTP=1
2026-09-09 20:01:47.296: [INFO] BookmarksSnapshot Shutdown total=0 bar=0 other=0 mobile=0 showBar=0 showBarNTP=1
2026-09-09 20:03:58.019: [INFO] CurrentProfilePath: C:\Users\alex_\Desktop\Curso de Java\workspace\.metadata\.plugins\org.eclipse.swt\EBWebView\Default
2026-09-09 20:03:58.019: [INFO] Profiles total count: 1
2026-09-09 20:03:58.019: [INFO] Profile: name=Perfil 1 path=C:\Users\alex_\Desktop\Curso de Java\workspace\.metadata\.plugins\org.eclipse.swt\EBWebView\Default lastActive=null
2026-09-09 20:03:58.019: [INFO] LastUsedProfileDir: C:\Users\alex_\Desktop\Curso de Java\workspace\.metadata\.plugins\org.eclipse.swt\EBWebView\Default
2026-09-09 20:03:58.019: [INFO] OnDoneLoading sync enabled: 0
2026-09-09 20:03:58.019: [INFO] BookmarkModelLoaded, ids_reassigned: 0
2026-09-09 20:03:58.019: [INFO] BookmarksLoadDropped droppedNodes=0
2026-09-09 20:03:58.019: [INFO] BookmarksSnapshot Startup total=0 bar=0 other=0 mobile=0 showBar=0 showBarNTP=1
2026-09-09 20:50:20.787: [INFO] BookmarksSnapshot Shutdown total=0 bar=0 other=0 mobile=0 showBar=0 showBarNTP=1
2026-09-09 20:52:21.020: [INFO] CurrentProfilePath: C:\Users\alex_\Desktop\Curso de Java\workspace\.metadata\.plugins\org.eclipse.swt\EBWebView\Default
2026-09-09 20:52:21.020: [INFO] Profiles total count: 1
2026-09-09 20:52:21.020: [INFO] Profile: name=Perfil 1 path=C:\Users\alex_\Desktop\Curso de Java\workspace\.metadata\.plugins\org.eclipse.swt\EBWebView\Default lastActive=null
2026-09-09 20:52:21.020: [INFO] LastUsedProfileDir: C:\Users\alex_\Desktop\Curso de Java\workspace\.metadata\.plugins\org.eclipse.swt\EBWebView\Default
2026-09-09 20:52:21.020: [INFO] OnDoneLoading sync enabled: 0
2026-09-09 20:52:21.020: [INFO] BookmarkModelLoaded, ids_reassigned: 0
2026-09-09 20:52:21.020: [INFO] BookmarksLoadDropped droppedNodes=0
2026-09-09 20:52:21.020: [INFO] BookmarksSnapshot Startup total=0 bar=0 other=0 mobile=0 showBar=0 showBarNTP=1
2026-09-09 20:53:17.192: [INFO] BookmarksSnapshot Shutdown total=0 bar=0 other=0 mobile=0 showBar=0 showBarNTP=1
2026-09-09 20:54:58.662: [INFO] CurrentProfilePath: C:\Users\alex_\Desktop\Curso de Java\workspace\.metadata\.plugins\org.eclipse.swt\EBWebView\Default
2026-09-09 20:54:58.662: [INFO] Profiles total count: 1
2026-09-09 20:54:58.662: [INFO] Profile: name=Perfil 1 path=C:\Users\alex_\Desktop\Curso de Java\workspace\.metadata\.plugins\org.eclipse.swt\EBWebView\Default lastActive=null
2026-09-09 20:54:58.662: [INFO] LastUsedProfileDir: C:\Users\alex_\Desktop\Curso de Java\workspace\.metadata\.plugins\org.eclipse.swt\EBWebView\Default
2026-09-09 20:54:58.662: [INFO] OnDoneLoading sync enabled: 0
2026-09-09 20:54:58.662: [INFO] BookmarkModelLoaded, ids_reassigned: 0
2026-09-09 20:54:58.662: [INFO] BookmarksLoadDropped droppedNodes=0
2026-09-09 20:54:58.662: [INFO] BookmarksSnapshot Startup total=0 bar=0 other=0 mobile=0 showBar=0 showBarNTP=1
2026-09-09 20:55:01.364: [INFO] BookmarksSnapshot Shutdown total=0 bar=0 other=0 mobile=0 showBar=0 showBarNTP=1
2026-09-09 20:55:12.649: [INFO] CurrentProfilePath: C:\Users\alex_\Desktop\Curso de Java\workspace\.metadata\.plugins\org.eclipse.swt\EBWebView\Default
2026-09-09 20:55:12.649: [INFO] Profiles total count: 1
2026-09-09 20:55:12.649: [INFO] Profile: name=Perfil 1 path=C:\Users\alex_\Desktop\Curso de Java\workspace\.metadata\.plugins\org.eclipse.swt\EBWebView\Default lastActive=null
2026-09-09 20:55:12.649: [INFO] LastUsedProfileDir: C:\Users\alex_\Desktop\Curso de Java\workspace\.metadata\.plugins\org.eclipse.swt\EBWebView\Default
2026-09-09 20:55:12.649: [INFO] OnDoneLoading sync enabled: 0
2026-09-09 20:55:12.649: [INFO] BookmarkModelLoaded, ids_reassigned: 0
2026-09-09 20:55:12.649: [INFO] BookmarksLoadDropped droppedNodes=0
2026-09-09 20:55:12.649: [INFO] BookmarksSnapshot Startup total=0 bar=0 other=0 mobile=0 showBar=0 showBarNTP=1
2026-09-09 20:58:24.826: [INFO] BookmarksSnapshot Shutdown total=0 bar=0 other=0 mobile=0 showBar=0 showBarNTP=1
2026-09-09 20:58:30.187: [INFO] CurrentProfilePath: C:\Users\alex_\Desktop\Curso de Java\workspace\.metadata\.plugins\org.eclipse.swt\EBWebView\Default
2026-09-09 20:58:30.187: [INFO] Profiles total count: 1
2026-09-09 20:58:30.187: [INFO] Profile: name=Perfil 1 path=C:\Users\alex_\Desktop\Curso de Java\workspace\.metadata\.plugins\org.eclipse.swt\EBWebView\Default lastActive=null
2026-09-09 20:58:30.187: [INFO] LastUsedProfileDir: C:\Users\alex_\Desktop\Curso de Java\workspace\.metadata\.plugins\org.eclipse.swt\EBWebView\Default
2026-09-09 20:58:30.187: [INFO] OnDoneLoading sync enabled: 0
2026-09-09 20:58:30.187: [INFO] BookmarkModelLoaded, ids_reassigned: 0
2026-09-09 20:58:30.187: [INFO] BookmarksLoadDropped droppedNodes=0
2026-09-09 20:58:30.187: [INFO] BookmarksSnapshot Startup total=0 bar=0 other=0 mobile=0 showBar=0 showBarNTP=1
2026-09-09 20:58:30.395: [INFO] BookmarksSnapshot Shutdown total=0 bar=0 other=0 mobile=0 showBar=0 showBarNTP=1
2026-09-09 21:04:15.201: [INFO] CurrentProfilePath: C:\Users\alex_\Desktop\Curso de Java\workspace\.metadata\.plugins\org.eclipse.swt\EBWebView\Default
2026-09-09 21:04:15.201: [INFO] Profiles total count: 1
2026-09-09 21:04:15.201: [INFO] Profile: name=Perfil 1 path=C:\Users\alex_\Desktop\Curso de Java\workspace\.metadata\.plugins\org.eclipse.swt\EBWebView\Default lastActive=null
2026-09-09 21:04:15.201: [INFO] LastUsedProfileDir: C:\Users\alex_\Desktop\Curso de Java\workspace\.metadata\.plugins\org.eclipse.swt\EBWebView\Default
2026-09-09 21:04:15.201: [INFO] OnDoneLoading sync enabled: 0
2026-09-09 21:04:15.201: [INFO] BookmarkModelLoaded, ids_reassigned: 0
2026-09-09 21:04:15.201: [INFO] BookmarksLoadDropped droppedNodes=0
2026-09-09 21:04:15.201: [INFO] BookmarksSnapshot Startup total=0 bar=0 other=0 mobile=0 showBar=0 showBarNTP=1
2026-09-09 21:04:17.615: [INFO] BookmarksSnapshot Shutdown total=0 bar=0 other=0 mobile=0 showBar=0 showBarNTP=1
2026-09-09 21:05:34.948: [INFO] CurrentProfilePath: C:\Users\alex_\Desktop\Curso de Java\workspace\.metadata\.plugins\org.eclipse.swt\EBWebView\Default
2026-09-09 21:05:34.949: [INFO] Profiles total count: 1
2026-09-09 21:05:34.949: [INFO] Profile: name=Perfil 1 path=C:\Users\alex_\Desktop\Curso de Java\workspace\.metadata\.plugins\org.eclipse.swt\EBWebView\Default lastActive=null
2026-09-09 21:05:34.949: [INFO] LastUsedProfileDir: C:\Users\alex_\Desktop\Curso de Java\workspace\.metadata\.plugins\org.eclipse.swt\EBWebView\Default
2026-09-09 21:05:34.949: [INFO] OnDoneLoading sync enabled: 0
2026-09-09 21:05:34.949: [INFO] BookmarkModelLoaded, ids_reassigned: 0
2026-09-09 21:05:34.949: [INFO] BookmarksLoadDropped droppedNodes=0
2026-09-09 21:05:34.949: [INFO] BookmarksSnapshot Startup total=0 bar=0 other=0 mobile=0 showBar=0 showBarNTP=1
2026-09-09 21:08:51.950: [INFO] BookmarksSnapshot Shutdown total=0 bar=0 other=0 mobile=0 showBar=0 showBarNTP=1
2026-09-09 22:04:18.305: [INFO] CurrentProfilePath: C:\Users\alex_\Desktop\Curso de Java\workspace\.metadata\.plugins\org.eclipse.swt\EBWebView\Default
2026-09-09 22:04:18.305: [INFO] Profiles total count: 1
2026-09-09 22:04:18.305: [INFO] Profile: name=Perfil 1 path=C:\Users\alex_\Desktop\Curso de Java\workspace\.metadata\.plugins\org.eclipse.swt\EBWebView\Default lastActive=null
2026-09-09 22:04:18.305: [INFO] LastUsedProfileDir: C:\Users\alex_\Desktop\Curso de Java\workspace\.metadata\.plugins\org.eclipse.swt\EBWebView\Default
2026-09-09 22:04:18.305: [INFO] OnDoneLoading sync enabled: 0
2026-09-09 22:04:18.305: [INFO] BookmarkModelLoaded, ids_reassigned: 0
2026-09-09 22:04:18.305: [INFO] BookmarksLoadDropped droppedNodes=0
2026-09-09 22:04:18.305: [INFO] BookmarksSnapshot Startup total=0 bar=0 other=0 mobile=0 showBar=0 showBarNTP=1
2026-09-09 22:07:08.766: [INFO] BookmarksSnapshot Shutdown total=0 bar=0 other=0 mobile=0 showBar=0 showBarNTP=1
2026-09-09 22:07:21.972: [INFO] CurrentProfilePath: C:\Users\alex_\Desktop\Curso de Java\workspace\.metadata\.plugins\org.eclipse.swt\EBWebView\Default
2026-09-09 22:07:21.973: [INFO] Profiles total count: 1
2026-09-09 22:07:21.973: [INFO] Profile: name=Perfil 1 path=C:\Users\alex_\Desktop\Curso de Java\workspace\.metadata\.plugins\org.eclipse.swt\EBWebView\Default lastActive=null
2026-09-09 22:07:21.973: [INFO] LastUsedProfileDir: C:\Users\alex_\Desktop\Curso de Java\workspace\.metadata\.plugins\org.eclipse.swt\EBWebView\Default
2026-09-09 22:07:21.973: [INFO] OnDoneLoading sync enabled: 0
2026-09-09 22:07:21.973: [INFO] BookmarkModelLoaded, ids_reassigned: 0
2026-09-09 22:07:21.973: [INFO] BookmarksLoadDropped droppedNodes=0
2026-09-09 22:07:21.973: [INFO] BookmarksSnapshot Startup total=0 bar=0 other=0 mobile=0 showBar=0 showBarNTP=1
2026-09-09 22:13:29.074: [INFO] BookmarksSnapshot Shutdown total=0 bar=0 other=0 mobile=0 showBar=0 showBarNTP=1
2026-09-09 22:13:46.793: [INFO] CurrentProfilePath: C:\Users\alex_\Desktop\Curso de Java\workspace\.metadata\.plugins\org.eclipse.swt\EBWebView\Default
2026-09-09 22:13:46.793: [INFO] Profiles total count: 1
2026-09-09 22:13:46.793: [INFO] Profile: name=Perfil 1 path=C:\Users\alex_\Desktop\Curso de Java\workspace\.metadata\.plugins\org.eclipse.swt\EBWebView\Default lastActive=null
2026-09-09 22:13:46.793: [INFO] LastUsedProfileDir: C:\Users\alex_\Desktop\Curso de Java\workspace\.metadata\.plugins\org.eclipse.swt\EBWebView\Default
2026-09-09 22:13:46.793: [INFO] OnDoneLoading sync enabled: 0
2026-09-09 22:13:46.793: [INFO] BookmarkModelLoaded, ids_reassigned: 0
2026-09-09 22:13:46.793: [INFO] BookmarksLoadDropped droppedNodes=0
2026-09-09 22:13:46.793: [INFO] BookmarksSnapshot Startup total=0 bar=0 other=0 mobile=0 showBar=0 showBarNTP=1
2026-09-09 22:18:59.482: [INFO] BookmarksSnapshot Shutdown total=0 bar=0 other=0 mobile=0 showBar=0 showBarNTP=1
2026-09-09 22:19:13.834: [INFO] CurrentProfilePath: C:\Users\alex_\Desktop\Curso de Java\workspace\.metadata\.plugins\org.eclipse.swt\EBWebView\Default
2026-09-09 22:19:13.834: [INFO] Profiles total count: 1
2026-09-09 22:19:13.834: [INFO] Profile: name=Perfil 1 path=C:\Users\alex_\Desktop\Curso de Java\workspace\.metadata\.plugins\org.eclipse.swt\EBWebView\Default lastActive=null
2026-09-09 22:19:13.834: [INFO] LastUsedProfileDir: C:\Users\alex_\Desktop\Curso de Java\workspace\.metadata\.plugins\org.eclipse.swt\EBWebView\Default
2026-09-09 22:19:13.834: [INFO] OnDoneLoading sync enabled: 0
2026-09-09 22:19:13.834: [INFO] BookmarkModelLoaded, ids_reassigned: 0
2026-09-09 22:19:13.834: [INFO] BookmarksLoadDropped droppedNodes=0
2026-09-09 22:19:13.834: [INFO] BookmarksSnapshot Startup total=0 bar=0 other=0 mobile=0 showBar=0 showBarNTP=1
2026-09-09 22:19:40.000: [INFO] BookmarksSnapshot Shutdown total=0 bar=0 other=0 mobile=0 showBar=0 showBarNTP=1
2026-09-09 22:24:32.541: [INFO] CurrentProfilePath: C:\Users\alex_\Desktop\Curso de Java\workspace\.metadata\.plugins\org.eclipse.swt\EBWebView\Default
2026-09-09 22:24:32.541: [INFO] Profiles total count: 1
2026-09-09 22:24:32.541: [INFO] Profile: name=Perfil 1 path=C:\Users\alex_\Desktop\Curso de Java\workspace\.metadata\.plugins\org.eclipse.swt\EBWebView\Default lastActive=null
2026-09-09 22:24:32.541: [INFO] LastUsedProfileDir: C:\Users\alex_\Desktop\Curso de Java\workspace\.metadata\.plugins\org.eclipse.swt\EBWebView\Default
2026-09-09 22:24:32.541: [INFO] OnDoneLoading sync enabled: 0
2026-09-09 22:24:32.541: [INFO] BookmarkModelLoaded, ids_reassigned: 0
2026-09-09 22:24:32.541: [INFO] BookmarksLoadDropped droppedNodes=0
2026-09-09 22:24:32.541: [INFO] BookmarksSnapshot Startup total=0 bar=0 other=0 mobile=0 showBar=0 showBarNTP=1
2026-09-09 22:24:37.418: [INFO] BookmarksSnapshot Shutdown total=0 bar=0 other=0 mobile=0 showBar=0 showBarNTP=1
2026-09-09 22:24:59.936: [INFO] CurrentProfilePath: C:\Users\alex_\Desktop\Curso de Java\workspace\.metadata\.plugins\org.eclipse.swt\EBWebView\Default
2026-09-09 22:24:59.936: [INFO] Profiles total count: 1
2026-09-09 22:24:59.936: [INFO] Profile: name=Perfil 1 path=C:\Users\alex_\Desktop\Curso de Java\workspace\.metadata\.plugins\org.eclipse.swt\EBWebView\Default lastActive=null
2026-09-09 22:24:59.936: [INFO] LastUsedProfileDir: C:\Users\alex_\Desktop\Curso de Java\workspace\.metadata\.plugins\org.eclipse.swt\EBWebView\Default
2026-09-09 22:24:59.936: [INFO] OnDoneLoading sync enabled: 0
2026-09-09 22:24:59.936: [INFO] BookmarkModelLoaded, ids_reassigned: 0
2026-09-09 22:24:59.936: [INFO] BookmarksLoadDropped droppedNodes=0
2026-09-09 22:24:59.936: [INFO] BookmarksSnapshot Startup total=0 bar=0 other=0 mobile=0 showBar=0 showBarNTP=1
2026-09-09 22:26:36.923: [INFO] BookmarksSnapshot Shutdown total=0 bar=0 other=0 mobile=0 showBar=0 showBarNTP=1
2026-09-10 18:26:46.393: [INFO] CurrentProfilePath: C:\Users\alex_\Desktop\Curso de Java\workspace\.metadata\.plugins\org.eclipse.swt\EBWebView\Default
2026-09-10 18:26:46.393: [INFO] Profiles total count: 1
2026-09-10 18:26:46.393: [INFO] Profile: name=Perfil 1 path=C:\Users\alex_\Desktop\Curso de Java\workspace\.metadata\.plugins\org.eclipse.swt\EBWebView\Default lastActive=null
2026-09-10 18:26:46.393: [INFO] LastUsedProfileDir: C:\Users\alex_\Desktop\Curso de Java\workspace\.metadata\.plugins\org.eclipse.swt\EBWebView\Default
2026-09-10 18:26:46.393: [INFO] OnDoneLoading sync enabled: 0
2026-09-10 18:26:46.393: [INFO] BookmarkModelLoaded, ids_reassigned: 0
2026-09-10 18:26:46.393: [INFO] BookmarksLoadDropped droppedNodes=0
2026-09-10 18:26:46.393: [INFO] BookmarksSnapshot Startup total=0 bar=0 other=0 mobile=0 showBar=0 showBarNTP=1
2026-09-10 18:37:17.322: [INFO] BookmarksSnapshot Shutdown total=0 bar=0 other=0 mobile=0 showBar=0 showBarNTP=1
2026-09-10 18:46:41.435: [INFO] CurrentProfilePath: C:\Users\alex_\Desktop\Curso de Java\workspace\.metadata\.plugins\org.eclipse.swt\EBWebView\Default
2026-09-10 18:46:41.435: [INFO] Profiles total count: 1
2026-09-10 18:46:41.435: [INFO] Profile: name=Perfil 1 path=C:\Users\alex_\Desktop\Curso de Java\workspace\.metadata\.plugins\org.eclipse.swt\EBWebView\Default lastActive=null
2026-09-10 18:46:41.435: [INFO] LastUsedProfileDir: C:\Users\alex_\Desktop\Curso de Java\workspace\.metadata\.plugins\org.eclipse.swt\EBWebView\Default
2026-09-10 18:46:41.435: [INFO] OnDoneLoading sync enabled: 0
2026-09-10 18:46:41.435: [INFO] BookmarkModelLoaded, ids_reassigned: 0
2026-09-10 18:46:41.435: [INFO] BookmarksLoadDropped droppedNodes=0
2026-09-10 18:46:41.435: [INFO] BookmarksSnapshot Startup total=0 bar=0 other=0 mobile=0 showBar=0 showBarNTP=1
2026-09-10 18:50:48.128: [INFO] BookmarksSnapshot Shutdown total=0 bar=0 other=0 mobile=0 showBar=0 showBarNTP=1
2026-09-10 19:20:34.441: [INFO] CurrentProfilePath: C:\Users\alex_\Desktop\Curso de Java\workspace\.metadata\.plugins\org.eclipse.swt\EBWebView\Default
2026-09-10 19:20:34.441: [INFO] Profiles total count: 1
2026-09-10 19:20:34.441: [INFO] Profile: name=Perfil 1 path=C:\Users\alex_\Desktop\Curso de Java\workspace\.metadata\.plugins\org.eclipse.swt\EBWebView\Default lastActive=null
2026-09-10 19:20:34.441: [INFO] LastUsedProfileDir: C:\Users\alex_\Desktop\Curso de Java\workspace\.metadata\.plugins\org.eclipse.swt\EBWebView\Default
2026-09-10 19:20:34.441: [INFO] OnDoneLoading sync enabled: 0
2026-09-10 19:20:34.441: [INFO] BookmarkModelLoaded, ids_reassigned: 0
2026-09-10 19:20:34.441: [INFO] BookmarksLoadDropped droppedNodes=0
2026-09-10 19:20:34.441: [INFO] BookmarksSnapshot Startup total=0 bar=0 other=0 mobile=0 showBar=0 showBarNTP=1
2026-09-10 19:23:11.320: [INFO] BookmarksSnapshot Shutdown total=0 bar=0 other=0 mobile=0 showBar=0 showBarNTP=1
2026-09-10 19:25:50.173: [INFO] CurrentProfilePath: C:\Users\alex_\Desktop\Curso de Java\workspace\.metadata\.plugins\org.eclipse.swt\EBWebView\Default
2026-09-10 19:25:50.173: [INFO] Profiles total count: 1
2026-09-10 19:25:50.173: [INFO] Profile: name=Perfil 1 path=C:\Users\alex_\Desktop\Curso de Java\workspace\.metadata\.plugins\org.eclipse.swt\EBWebView\Default lastActive=null
2026-09-10 19:25:50.173: [INFO] LastUsedProfileDir: C:\Users\alex_\Desktop\Curso de Java\workspace\.metadata\.plugins\org.eclipse.swt\EBWebView\Default
2026-09-10 19:25:50.173: [INFO] OnDoneLoading sync enabled: 0
2026-09-10 19:25:50.173: [INFO] BookmarkModelLoaded, ids_reassigned: 0
2026-09-10 19:25:50.173: [INFO] BookmarksLoadDropped droppedNodes=0
2026-09-10 19:25:50.173: [INFO] BookmarksSnapshot Startup total=0 bar=0 other=0 mobile=0 showBar=0 showBarNTP=1
2026-09-10 19:26:12.948: [INFO] BookmarksSnapshot Shutdown total=0 bar=0 other=0 mobile=0 showBar=0 showBarNTP=1
2026-09-10 19:26:16.364: [INFO] CurrentProfilePath: C:\Users\alex_\Desktop\Curso de Java\workspace\.metadata\.plugins\org.eclipse.swt\EBWebView\Default
2026-09-10 19:26:16.364: [INFO] Profiles total count: 1
2026-09-10 19:26:16.364: [INFO] Profile: name=Perfil 1 path=C:\Users\alex_\Desktop\Curso de Java\workspace\.metadata\.plugins\org.eclipse.swt\EBWebView\Default lastActive=null
2026-09-10 19:26:16.364: [INFO] LastUsedProfileDir: C:\Users\alex_\Desktop\Curso de Java\workspace\.metadata\.plugins\org.eclipse.swt\EBWebView\Default
2026-09-10 19:26:16.364: [INFO] OnDoneLoading sync enabled: 0
2026-09-10 19:26:16.364: [INFO] BookmarkModelLoaded, ids_reassigned: 0
2026-09-10 19:26:16.364: [INFO] BookmarksLoadDropped droppedNodes=0
2026-09-10 19:26:16.364: [INFO] BookmarksSnapshot Startup total=0 bar=0 other=0 mobile=0 showBar=0 showBarNTP=1
2026-09-10 19:29:12.584: [INFO] BookmarksSnapshot Shutdown total=0 bar=0 other=0 mobile=0 showBar=0 showBarNTP=1
2026-09-10 19:30:09.666: [INFO] CurrentProfilePath: C:\Users\alex_\Desktop\Curso de Java\workspace\.metadata\.plugins\org.eclipse.swt\EBWebView\Default
2026-09-10 19:30:09.666: [INFO] Profiles total count: 1
2026-09-10 19:30:09.666: [INFO] Profile: name=Perfil 1 path=C:\Users\alex_\Desktop\Curso de Java\workspace\.metadata\.plugins\org.eclipse.swt\EBWebView\Default lastActive=null
2026-09-10 19:30:09.666: [INFO] LastUsedProfileDir: C:\Users\alex_\Desktop\Curso de Java\workspace\.metadata\.plugins\org.eclipse.swt\EBWebView\Default
2026-09-10 19:30:09.666: [INFO] OnDoneLoading sync enabled: 0
2026-09-10 19:30:09.666: [INFO] BookmarkModelLoaded, ids_reassigned: 0
2026-09-10 19:30:09.666: [INFO] BookmarksLoadDropped droppedNodes=0
2026-09-10 19:30:09.666: [INFO] BookmarksSnapshot Startup total=0 bar=0 other=0 mobile=0 showBar=0 showBarNTP=1
2026-09-10 19:52:15.838: [INFO] BookmarksSnapshot Shutdown total=0 bar=0 other=0 mobile=0 showBar=0 showBarNTP=1
2026-09-10 20:04:15.722: [INFO] CurrentProfilePath: C:\Users\alex_\Desktop\Curso de Java\workspace\.metadata\.plugins\org.eclipse.swt\EBWebView\Default
2026-09-10 20:04:15.722: [INFO] Profiles total count: 1
2026-09-10 20:04:15.722: [INFO] Profile: name=Perfil 1 path=C:\Users\alex_\Desktop\Curso de Java\workspace\.metadata\.plugins\org.eclipse.swt\EBWebView\Default lastActive=null
2026-09-10 20:04:15.722: [INFO] LastUsedProfileDir: C:\Users\alex_\Desktop\Curso de Java\workspace\.metadata\.plugins\org.eclipse.swt\EBWebView\Default
2026-09-10 20:04:15.722: [INFO] OnDoneLoading sync enabled: 0
2026-09-10 20:04:15.722: [INFO] BookmarkModelLoaded, ids_reassigned: 0
2026-09-10 20:04:15.722: [INFO] BookmarksLoadDropped droppedNodes=0
2026-09-10 20:04:15.722: [INFO] BookmarksSnapshot Startup total=0 bar=0 other=0 mobile=0 showBar=0 showBarNTP=1
2026-09-10 20:04:50.718: [INFO] BookmarksSnapshot Shutdown total=0 bar=0 other=0 mobile=0 showBar=0 showBarNTP=1
2026-09-10 20:09:10.384: [INFO] CurrentProfilePath: C:\Users\alex_\Desktop\Curso de Java\workspace\.metadata\.plugins\org.eclipse.swt\EBWebView\Default
2026-09-10 20:09:10.384: [INFO] Profiles total count: 1
2026-09-10 20:09:10.384: [INFO] Profile: name=Perfil 1 path=C:\Users\alex_\Desktop\Curso de Java\workspace\.metadata\.plugins\org.eclipse.swt\EBWebView\Default lastActive=null
2026-09-10 20:09:10.384: [INFO] LastUsedProfileDir: C:\Users\alex_\Desktop\Curso de Java\workspace\.metadata\.plugins\org.eclipse.swt\EBWebView\Default
2026-09-10 20:09:10.384: [INFO] OnDoneLoading sync enabled: 0
2026-09-10 20:09:10.384: [INFO] BookmarkModelLoaded, ids_reassigned: 0
2026-09-10 20:09:10.384: [INFO] BookmarksLoadDropped droppedNodes=0
2026-09-10 20:09:10.384: [INFO] BookmarksSnapshot Startup total=0 bar=0 other=0 mobile=0 showBar=0 showBarNTP=1
2026-09-10 20:10:04.223: [INFO] BookmarksSnapshot Shutdown total=0 bar=0 other=0 mobile=0 showBar=0 showBarNTP=1
2026-09-10 20:10:19.574: [INFO] CurrentProfilePath: C:\Users\alex_\Desktop\Curso de Java\workspace\.metadata\.plugins\org.eclipse.swt\EBWebView\Default
2026-09-10 20:10:19.575: [INFO] Profiles total count: 1
2026-09-10 20:10:19.575: [INFO] Profile: name=Perfil 1 path=C:\Users\alex_\Desktop\Curso de Java\workspace\.metadata\.plugins\org.eclipse.swt\EBWebView\Default lastActive=null
2026-09-10 20:10:19.575: [INFO] LastUsedProfileDir: C:\Users\alex_\Desktop\Curso de Java\workspace\.metadata\.plugins\org.eclipse.swt\EBWebView\Default
2026-09-10 20:10:19.575: [INFO] OnDoneLoading sync enabled: 0
2026-09-10 20:10:19.575: [INFO] BookmarkModelLoaded, ids_reassigned: 0
2026-09-10 20:10:19.575: [INFO] BookmarksLoadDropped droppedNodes=0
2026-09-10 20:10:19.575: [INFO] BookmarksSnapshot Startup total=0 bar=0 other=0 mobile=0 showBar=0 showBarNTP=1
2026-09-10 20:12:58.545: [INFO] BookmarksSnapshot Shutdown total=0 bar=0 other=0 mobile=0 showBar=0 showBarNTP=1
2026-09-10 21:13:23.866: [INFO] CurrentProfilePath: C:\Users\alex_\Desktop\Curso de Java\workspace\.metadata\.plugins\org.eclipse.swt\EBWebView\Default
2026-09-10 21:13:23.866: [INFO] Profiles total count: 1
2026-09-10 21:13:23.866: [INFO] Profile: name=Perfil 1 path=C:\Users\alex_\Desktop\Curso de Java\workspace\.metadata\.plugins\org.eclipse.swt\EBWebView\Default lastActive=null
2026-09-10 21:13:23.866: [INFO] LastUsedProfileDir: C:\Users\alex_\Desktop\Curso de Java\workspace\.metadata\.plugins\org.eclipse.swt\EBWebView\Default
2026-09-10 21:13:23.866: [INFO] OnDoneLoading sync enabled: 0
2026-09-10 21:13:23.866: [INFO] BookmarkModelLoaded, ids_reassigned: 0
2026-09-10 21:13:23.866: [INFO] BookmarksLoadDropped droppedNodes=0
2026-09-10 21:13:23.866: [INFO] BookmarksSnapshot Startup total=0 bar=0 other=0 mobile=0 showBar=0 showBarNTP=1
2026-09-10 21:13:27.112: [INFO] BookmarksSnapshot Shutdown total=0 bar=0 other=0 mobile=0 showBar=0 showBarNTP=1
2026-09-10 21:18:07.567: [INFO] CurrentProfilePath: C:\Users\alex_\Desktop\Curso de Java\workspace\.metadata\.plugins\org.eclipse.swt\EBWebView\Default
2026-09-10 21:18:07.567: [INFO] Profiles total count: 1
2026-09-10 21:18:07.567: [INFO] Profile: name=Perfil 1 path=C:\Users\alex_\Desktop\Curso de Java\workspace\.metadata\.plugins\org.eclipse.swt\EBWebView\Default lastActive=null
2026-09-10 21:18:07.567: [INFO] LastUsedProfileDir: C:\Users\alex_\Desktop\Curso de Java\workspace\.metadata\.plugins\org.eclipse.swt\EBWebView\Default
2026-09-10 21:18:07.567: [INFO] OnDoneLoading sync enabled: 0
2026-09-10 21:18:07.567: [INFO] BookmarkModelLoaded, ids_reassigned: 0
2026-09-10 21:18:07.567: [INFO] BookmarksLoadDropped droppedNodes=0
2026-09-10 21:18:07.567: [INFO] BookmarksSnapshot Startup total=0 bar=0 other=0 mobile=0 showBar=0 showBarNTP=1
2026-09-10 21:19:45.657: [INFO] BookmarksSnapshot Shutdown total=0 bar=0 other=0 mobile=0 showBar=0 showBarNTP=1
2026-09-10 21:20:59.725: [INFO] CurrentProfilePath: C:\Users\alex_\Desktop\Curso de Java\workspace\.metadata\.plugins\org.eclipse.swt\EBWebView\Default
2026-09-10 21:20:59.725: [INFO] Profiles total count: 1
2026-09-10 21:20:59.725: [INFO] Profile: name=Perfil 1 path=C:\Users\alex_\Desktop\Curso de Java\workspace\.metadata\.plugins\org.eclipse.swt\EBWebView\Default lastActive=null
2026-09-10 21:20:59.725: [INFO] LastUsedProfileDir: C:\Users\alex_\Desktop\Curso de Java\workspace\.metadata\.plugins\org.eclipse.swt\EBWebView\Default
2026-09-10 21:20:59.725: [INFO] OnDoneLoading sync enabled: 0
2026-09-10 21:20:59.725: [INFO] BookmarkModelLoaded, ids_reassigned: 0
2026-09-10 21:20:59.725: [INFO] BookmarksLoadDropped droppedNodes=0
2026-09-10 21:20:59.725: [INFO] BookmarksSnapshot Startup total=0 bar=0 other=0 mobile=0 showBar=0 showBarNTP=1
2026-09-10 21:21:31.602: [INFO] BookmarksSnapshot Shutdown total=0 bar=0 other=0 mobile=0 showBar=0 showBarNTP=1
2026-09-10 21:21:31.733: [INFO] CurrentProfilePath: C:\Users\alex_\Desktop\Curso de Java\workspace\.metadata\.plugins\org.eclipse.swt\EBWebView\Default
2026-09-10 21:21:31.733: [INFO] Profiles total count: 1
2026-09-10 21:21:31.733: [INFO] Profile: name=Perfil 1 path=C:\Users\alex_\Desktop\Curso de Java\workspace\.metadata\.plugins\org.eclipse.swt\EBWebView\Default lastActive=null
2026-09-10 21:21:31.733: [INFO] LastUsedProfileDir: C:\Users\alex_\Desktop\Curso de Java\workspace\.metadata\.plugins\org.eclipse.swt\EBWebView\Default
2026-09-10 21:21:31.733: [INFO] OnDoneLoading sync enabled: 0
2026-09-10 21:21:31.733: [INFO] BookmarkModelLoaded, ids_reassigned: 0
2026-09-10 21:21:31.733: [INFO] BookmarksLoadDropped droppedNodes=0
2026-09-10 21:21:31.733: [INFO] BookmarksSnapshot Startup total=0 bar=0 other=0 mobile=0 showBar=0 showBarNTP=1
2026-09-10 21:22:19.422: [INFO] BookmarksSnapshot Shutdown total=0 bar=0 other=0 mobile=0 showBar=0 showBarNTP=1
2026-09-10 21:22:19.525: [INFO] CurrentProfilePath: C:\Users\alex_\Desktop\Curso de Java\workspace\.metadata\.plugins\org.eclipse.swt\EBWebView\Default
2026-09-10 21:22:19.525: [INFO] Profiles total count: 1
2026-09-10 21:22:19.525: [INFO] Profile: name=Perfil 1 path=C:\Users\alex_\Desktop\Curso de Java\workspace\.metadata\.plugins\org.eclipse.swt\EBWebView\Default lastActive=null
2026-09-10 21:22:19.525: [INFO] LastUsedProfileDir: C:\Users\alex_\Desktop\Curso de Java\workspace\.metadata\.plugins\org.eclipse.swt\EBWebView\Default
2026-09-10 21:22:19.525: [INFO] OnDoneLoading sync enabled: 0
2026-09-10 21:22:19.525: [INFO] BookmarkModelLoaded, ids_reassigned: 0
2026-09-10 21:22:19.525: [INFO] BookmarksLoadDropped droppedNodes=0
2026-09-10 21:22:19.525: [INFO] BookmarksSnapshot Startup total=0 bar=0 other=0 mobile=0 showBar=0 showBarNTP=1
2026-09-10 21:23:07.072: [INFO] BookmarksSnapshot Shutdown total=0 bar=0 other=0 mobile=0 showBar=0 showBarNTP=1
2026-09-10 21:27:37.622: [INFO] CurrentProfilePath: C:\Users\alex_\Desktop\Curso de Java\workspace\.metadata\.plugins\org.eclipse.swt\EBWebView\Default
2026-09-10 21:27:37.622: [INFO] Profiles total count: 1
2026-09-10 21:27:37.622: [INFO] Profile: name=Perfil 1 path=C:\Users\alex_\Desktop\Curso de Java\workspace\.metadata\.plugins\org.eclipse.swt\EBWebView\Default lastActive=null
2026-09-10 21:27:37.622: [INFO] LastUsedProfileDir: C:\Users\alex_\Desktop\Curso de Java\workspace\.metadata\.plugins\org.eclipse.swt\EBWebView\Default
2026-09-10 21:27:37.622: [INFO] OnDoneLoading sync enabled: 0
2026-09-10 21:27:37.622: [INFO] BookmarkModelLoaded, ids_reassigned: 0
2026-09-10 21:27:37.622: [INFO] BookmarksLoadDropped droppedNodes=0
2026-09-10 21:27:37.622: [INFO] BookmarksSnapshot Startup total=0 bar=0 other=0 mobile=0 showBar=0 showBarNTP=1
2026-09-10 21:28:03.676: [INFO] BookmarksSnapshot Shutdown total=0 bar=0 other=0 mobile=0 showBar=0 showBarNTP=1
2026-09-10 21:28:53.975: [INFO] CurrentProfilePath: C:\Users\alex_\Desktop\Curso de Java\workspace\.metadata\.plugins\org.eclipse.swt\EBWebView\Default
2026-09-10 21:28:53.975: [INFO] Profiles total count: 1
2026-09-10 21:28:53.975: [INFO] Profile: name=Perfil 1 path=C:\Users\alex_\Desktop\Curso de Java\workspace\.metadata\.plugins\org.eclipse.swt\EBWebView\Default lastActive=null
2026-09-10 21:28:53.975: [INFO] LastUsedProfileDir: C:\Users\alex_\Desktop\Curso de Java\workspace\.metadata\.plugins\org.eclipse.swt\EBWebView\Default
2026-09-10 21:28:53.975: [INFO] OnDoneLoading sync enabled: 0
2026-09-10 21:28:53.975: [INFO] BookmarkModelLoaded, ids_reassigned: 0
2026-09-10 21:28:53.975: [INFO] BookmarksLoadDropped droppedNodes=0
2026-09-10 21:28:53.975: [INFO] BookmarksSnapshot Startup total=0 bar=0 other=0 mobile=0 showBar=0 showBarNTP=1
2026-09-10 21:28:54.134: [INFO] BookmarksSnapshot Shutdown total=0 bar=0 other=0 mobile=0 showBar=0 showBarNTP=1
2026-09-10 21:29:41.038: [INFO] CurrentProfilePath: C:\Users\alex_\Desktop\Curso de Java\workspace\.metadata\.plugins\org.eclipse.swt\EBWebView\Default
2026-09-10 21:29:41.038: [INFO] Profiles total count: 1
2026-09-10 21:29:41.038: [INFO] Profile: name=Perfil 1 path=C:\Users\alex_\Desktop\Curso de Java\workspace\.metadata\.plugins\org.eclipse.swt\EBWebView\Default lastActive=null
2026-09-10 21:29:41.039: [INFO] LastUsedProfileDir: C:\Users\alex_\Desktop\Curso de Java\workspace\.metadata\.plugins\org.eclipse.swt\EBWebView\Default
2026-09-10 21:29:41.039: [INFO] OnDoneLoading sync enabled: 0
2026-09-10 21:29:41.039: [INFO] BookmarkModelLoaded, ids_reassigned: 0
2026-09-10 21:29:41.039: [INFO] BookmarksLoadDropped droppedNodes=0
2026-09-10 21:29:41.039: [INFO] BookmarksSnapshot Startup total=0 bar=0 other=0 mobile=0 showBar=0 showBarNTP=1
2026-09-10 21:30:20.892: [INFO] BookmarksSnapshot Shutdown total=0 bar=0 other=0 mobile=0 showBar=0 showBarNTP=1
2026-09-10 21:31:12.966: [INFO] CurrentProfilePath: C:\Users\alex_\Desktop\Curso de Java\workspace\.metadata\.plugins\org.eclipse.swt\EBWebView\Default
2026-09-10 21:31:12.966: [INFO] Profiles total count: 1
2026-09-10 21:31:12.966: [INFO] Profile: name=Perfil 1 path=C:\Users\alex_\Desktop\Curso de Java\workspace\.metadata\.plugins\org.eclipse.swt\EBWebView\Default lastActive=null
2026-09-10 21:31:12.966: [INFO] LastUsedProfileDir: C:\Users\alex_\Desktop\Curso de Java\workspace\.metadata\.plugins\org.eclipse.swt\EBWebView\Default
2026-09-10 21:31:12.966: [INFO] OnDoneLoading sync enabled: 0
2026-09-10 21:31:12.966: [INFO] BookmarkModelLoaded, ids_reassigned: 0
2026-09-10 21:31:12.966: [INFO] BookmarksLoadDropped droppedNodes=0
2026-09-10 21:31:12.966: [INFO] BookmarksSnapshot Startup total=0 bar=0 other=0 mobile=0 showBar=0 showBarNTP=1
2026-09-10 21:31:31.284: [INFO] BookmarksSnapshot Shutdown total=0 bar=0 other=0 mobile=0 showBar=0 showBarNTP=1
2026-09-10 21:33:00.836: [INFO] CurrentProfilePath: C:\Users\alex_\Desktop\Curso de Java\workspace\.metadata\.plugins\org.eclipse.swt\EBWebView\Default
2026-09-10 21:33:00.836: [INFO] Profiles total count: 1
2026-09-10 21:33:00.836: [INFO] Profile: name=Perfil 1 path=C:\Users\alex_\Desktop\Curso de Java\workspace\.metadata\.plugins\org.eclipse.swt\EBWebView\Default lastActive=null
2026-09-10 21:33:00.836: [INFO] LastUsedProfileDir: C:\Users\alex_\Desktop\Curso de Java\workspace\.metadata\.plugins\org.eclipse.swt\EBWebView\Default
2026-09-10 21:33:00.836: [INFO] OnDoneLoading sync enabled: 0
2026-09-10 21:33:00.836: [INFO] BookmarkModelLoaded, ids_reassigned: 0
2026-09-10 21:33:00.836: [INFO] BookmarksLoadDropped droppedNodes=0
2026-09-10 21:33:00.836: [INFO] BookmarksSnapshot Startup total=0 bar=0 other=0 mobile=0 showBar=0 showBarNTP=1
2026-09-10 21:33:01.021: [INFO] BookmarksSnapshot Shutdown total=0 bar=0 other=0 mobile=0 showBar=0 showBarNTP=1
2026-09-10 21:33:03.534: [INFO] CurrentProfilePath: C:\Users\alex_\Desktop\Curso de Java\workspace\.metadata\.plugins\org.eclipse.swt\EBWebView\Default
2026-09-10 21:33:03.534: [INFO] Profiles total count: 1
2026-09-10 21:33:03.534: [INFO] Profile: name=Perfil 1 path=C:\Users\alex_\Desktop\Curso de Java\workspace\.metadata\.plugins\org.eclipse.swt\EBWebView\Default lastActive=null
2026-09-10 21:33:03.534: [INFO] LastUsedProfileDir: C:\Users\alex_\Desktop\Curso de Java\workspace\.metadata\.plugins\org.eclipse.swt\EBWebView\Default
2026-09-10 21:33:03.534: [INFO] OnDoneLoading sync enabled: 0
2026-09-10 21:33:03.534: [INFO] BookmarkModelLoaded, ids_reassigned: 0
2026-09-10 21:33:03.534: [INFO] BookmarksLoadDropped droppedNodes=0
2026-09-10 21:33:03.534: [INFO] BookmarksSnapshot Startup total=0 bar=0 other=0 mobile=0 showBar=0 showBarNTP=1
2026-09-10 21:33:03.724: [INFO] BookmarksSnapshot Shutdown total=0 bar=0 other=0 mobile=0 showBar=0 showBarNTP=1
2026-09-12 10:57:17.443: [INFO] CurrentProfilePath: C:\Users\alex_\Desktop\Curso de Java\workspace\.metadata\.plugins\org.eclipse.swt\EBWebView\Default
2026-09-12 10:57:17.443: [INFO] Profiles total count: 1
2026-09-12 10:57:17.443: [INFO] Profile: name=Perfil 1 path=C:\Users\alex_\Desktop\Curso de Java\workspace\.metadata\.plugins\org.eclipse.swt\EBWebView\Default lastActive=null
2026-09-12 10:57:17.443: [INFO] LastUsedProfileDir: C:\Users\alex_\Desktop\Curso de Java\workspace\.metadata\.plugins\org.eclipse.swt\EBWebView\Default
2026-09-12 10:57:17.443: [INFO] OnDoneLoading sync enabled: 0
2026-09-12 10:57:17.443: [INFO] BookmarkModelLoaded, ids_reassigned: 0
2026-09-12 10:57:17.443: [INFO] BookmarksLoadDropped droppedNodes=0
2026-09-12 10:57:17.443: [INFO] BookmarksSnapshot Startup total=0 bar=0 other=0 mobile=0 showBar=0 showBarNTP=1
2026-09-12 10:57:51.623: [INFO] BookmarksSnapshot Shutdown total=0 bar=0 other=0 mobile=0 showBar=0 showBarNTP=1
2026-09-12 10:59:32.571: [INFO] CurrentProfilePath: C:\Users\alex_\Desktop\Curso de Java\workspace\.metadata\.plugins\org.eclipse.swt\EBWebView\Default
2026-09-12 10:59:32.571: [INFO] Profiles total count: 1
2026-09-12 10:59:32.571: [INFO] Profile: name=Perfil 1 path=C:\Users\alex_\Desktop\Curso de Java\workspace\.metadata\.plugins\org.eclipse.swt\EBWebView\Default lastActive=null
2026-09-12 10:59:32.571: [INFO] LastUsedProfileDir: C:\Users\alex_\Desktop\Curso de Java\workspace\.metadata\.plugins\org.eclipse.swt\EBWebView\Default
2026-09-12 10:59:32.571: [INFO] OnDoneLoading sync enabled: 0
2026-09-12 10:59:32.571: [INFO] BookmarkModelLoaded, ids_reassigned: 0
2026-09-12 10:59:32.571: [INFO] BookmarksLoadDropped droppedNodes=0
2026-09-12 10:59:32.571: [INFO] BookmarksSnapshot Startup total=0 bar=0 other=0 mobile=0 showBar=0 showBarNTP=1
2026-09-12 11:01:35.578: [INFO] BookmarksSnapshot Shutdown total=0 bar=0 other=0 mobile=0 showBar=0 showBarNTP=1
2026-09-12 11:03:07.259: [INFO] CurrentProfilePath: C:\Users\alex_\Desktop\Curso de Java\workspace\.metadata\.plugins\org.eclipse.swt\EBWebView\Default
2026-09-12 11:03:07.259: [INFO] Profiles total count: 1
2026-09-12 11:03:07.259: [INFO] Profile: name=Perfil 1 path=C:\Users\alex_\Desktop\Curso de Java\workspace\.metadata\.plugins\org.eclipse.swt\EBWebView\Default lastActive=null
2026-09-12 11:03:07.259: [INFO] LastUsedProfileDir: C:\Users\alex_\Desktop\Curso de Java\workspace\.metadata\.plugins\org.eclipse.swt\EBWebView\Default
2026-09-12 11:03:07.259: [INFO] OnDoneLoading sync enabled: 0
2026-09-12 11:03:07.259: [INFO] BookmarkModelLoaded, ids_reassigned: 0
2026-09-12 11:03:07.259: [INFO] BookmarksLoadDropped droppedNodes=0
2026-09-12 11:03:07.259: [INFO] BookmarksSnapshot Startup total=0 bar=0 other=0 mobile=0 showBar=0 showBarNTP=1
2026-09-12 11:04:06.564: [INFO] BookmarksSnapshot Shutdown total=0 bar=0 other=0 mobile=0 showBar=0 showBarNTP=1
2026-09-12 11:04:37.153: [INFO] CurrentProfilePath: C:\Users\alex_\Desktop\Curso de Java\workspace\.metadata\.plugins\org.eclipse.swt\EBWebView\Default
2026-09-12 11:04:37.153: [INFO] Profiles total count: 1
2026-09-12 11:04:37.153: [INFO] Profile: name=Perfil 1 path=C:\Users\alex_\Desktop\Curso de Java\workspace\.metadata\.plugins\org.eclipse.swt\EBWebView\Default lastActive=null
2026-09-12 11:04:37.153: [INFO] LastUsedProfileDir: C:\Users\alex_\Desktop\Curso de Java\workspace\.metadata\.plugins\org.eclipse.swt\EBWebView\Default
2026-09-12 11:04:37.153: [INFO] OnDoneLoading sync enabled: 0
2026-09-12 11:04:37.153: [INFO] BookmarkModelLoaded, ids_reassigned: 0
2026-09-12 11:04:37.153: [INFO] BookmarksLoadDropped droppedNodes=0
2026-09-12 11:04:37.153: [INFO] BookmarksSnapshot Startup total=0 bar=0 other=0 mobile=0 showBar=0 showBarNTP=1
2026-09-12 11:04:37.494: [INFO] BookmarksSnapshot Shutdown total=0 bar=0 other=0 mobile=0 showBar=0 showBarNTP=1
2026-09-12 11:07:54.904: [INFO] CurrentProfilePath: C:\Users\alex_\Desktop\Curso de Java\workspace\.metadata\.plugins\org.eclipse.swt\EBWebView\Default
2026-09-12 11:07:54.904: [INFO] Profiles total count: 1
2026-09-12 11:07:54.904: [INFO] Profile: name=Perfil 1 path=C:\Users\alex_\Desktop\Curso de Java\workspace\.metadata\.plugins\org.eclipse.swt\EBWebView\Default lastActive=null
2026-09-12 11:07:54.904: [INFO] LastUsedProfileDir: C:\Users\alex_\Desktop\Curso de Java\workspace\.metadata\.plugins\org.eclipse.swt\EBWebView\Default
2026-09-12 11:07:54.904: [INFO] OnDoneLoading sync enabled: 0
2026-09-12 11:07:54.904: [INFO] BookmarkModelLoaded, ids_reassigned: 0
2026-09-12 11:07:54.904: [INFO] BookmarksLoadDropped droppedNodes=0
2026-09-12 11:07:54.904: [INFO] BookmarksSnapshot Startup total=0 bar=0 other=0 mobile=0 showBar=0 showBarNTP=1
2026-09-12 11:11:36.581: [INFO] BookmarksSnapshot Shutdown total=0 bar=0 other=0 mobile=0 showBar=0 showBarNTP=1
2026-09-12 11:18:05.345: [INFO] CurrentProfilePath: C:\Users\alex_\Desktop\Curso de Java\workspace\.metadata\.plugins\org.eclipse.swt\EBWebView\Default
2026-09-12 11:18:05.345: [INFO] Profiles total count: 1
2026-09-12 11:18:05.345: [INFO] Profile: name=Perfil 1 path=C:\Users\alex_\Desktop\Curso de Java\workspace\.metadata\.plugins\org.eclipse.swt\EBWebView\Default lastActive=null
2026-09-12 11:18:05.345: [INFO] LastUsedProfileDir: C:\Users\alex_\Desktop\Curso de Java\workspace\.metadata\.plugins\org.eclipse.swt\EBWebView\Default
2026-09-12 11:18:05.345: [INFO] OnDoneLoading sync enabled: 0
2026-09-12 11:18:05.345: [INFO] BookmarkModelLoaded, ids_reassigned: 0
2026-09-12 11:18:05.345: [INFO] BookmarksLoadDropped droppedNodes=0
2026-09-12 11:18:05.345: [INFO] BookmarksSnapshot Startup total=0 bar=0 other=0 mobile=0 showBar=0 showBarNTP=1
2026-09-12 11:18:19.709: [INFO] BookmarksSnapshot Shutdown total=0 bar=0 other=0 mobile=0 showBar=0 showBarNTP=1
2026-09-12 11:18:22.306: [INFO] CurrentProfilePath: C:\Users\alex_\Desktop\Curso de Java\workspace\.metadata\.plugins\org.eclipse.swt\EBWebView\Default
2026-09-12 11:18:22.306: [INFO] Profiles total count: 1
2026-09-12 11:18:22.306: [INFO] Profile: name=Perfil 1 path=C:\Users\alex_\Desktop\Curso de Java\workspace\.metadata\.plugins\org.eclipse.swt\EBWebView\Default lastActive=null
2026-09-12 11:18:22.306: [INFO] LastUsedProfileDir: C:\Users\alex_\Desktop\Curso de Java\workspace\.metadata\.plugins\org.eclipse.swt\EBWebView\Default
2026-09-12 11:18:22.306: [INFO] OnDoneLoading sync enabled: 0
2026-09-12 11:18:22.306: [INFO] BookmarkModelLoaded, ids_reassigned: 0
2026-09-12 11:18:22.306: [INFO] BookmarksLoadDropped droppedNodes=0
2026-09-12 11:18:22.306: [INFO] BookmarksSnapshot Startup total=0 bar=0 other=0 mobile=0 showBar=0 showBarNTP=1
2026-09-12 11:18:32.713: [INFO] BookmarksSnapshot Shutdown total=0 bar=0 other=0 mobile=0 showBar=0 showBarNTP=1
2026-09-12 11:19:11.589: [INFO] CurrentProfilePath: C:\Users\alex_\Desktop\Curso de Java\workspace\.metadata\.plugins\org.eclipse.swt\EBWebView\Default
2026-09-12 11:19:11.589: [INFO] Profiles total count: 1
2026-09-12 11:19:11.589: [INFO] Profile: name=Perfil 1 path=C:\Users\alex_\Desktop\Curso de Java\workspace\.metadata\.plugins\org.eclipse.swt\EBWebView\Default lastActive=null
2026-09-12 11:19:11.589: [INFO] LastUsedProfileDir: C:\Users\alex_\Desktop\Curso de Java\workspace\.metadata\.plugins\org.eclipse.swt\EBWebView\Default
2026-09-12 11:19:11.589: [INFO] OnDoneLoading sync enabled: 0
2026-09-12 11:19:11.589: [INFO] BookmarkModelLoaded, ids_reassigned: 0
2026-09-12 11:19:11.589: [INFO] BookmarksLoadDropped droppedNodes=0
2026-09-12 11:19:11.589: [INFO] BookmarksSnapshot Startup total=0 bar=0 other=0 mobile=0 showBar=0 showBarNTP=1
2026-09-12 11:20:09.759: [INFO] BookmarksSnapshot Shutdown total=0 bar=0 other=0 mobile=0 showBar=0 showBarNTP=1
2026-09-12 11:24:23.080: [INFO] CurrentProfilePath: C:\Users\alex_\Desktop\Curso de Java\workspace\.metadata\.plugins\org.eclipse.swt\EBWebView\Default
2026-09-12 11:24:23.080: [INFO] Profiles total count: 1
2026-09-12 11:24:23.080: [INFO] Profile: name=Perfil 1 path=C:\Users\alex_\Desktop\Curso de Java\workspace\.metadata\.plugins\org.eclipse.swt\EBWebView\Default lastActive=null
2026-09-12 11:24:23.080: [INFO] LastUsedProfileDir: C:\Users\alex_\Desktop\Curso de Java\workspace\.metadata\.plugins\org.eclipse.swt\EBWebView\Default
2026-09-12 11:24:23.080: [INFO] OnDoneLoading sync enabled: 0
2026-09-12 11:24:23.081: [INFO] BookmarkModelLoaded, ids_reassigned: 0
2026-09-12 11:24:23.081: [INFO] BookmarksLoadDropped droppedNodes=0
2026-09-12 11:24:23.081: [INFO] BookmarksSnapshot Startup total=0 bar=0 other=0 mobile=0 showBar=0 showBarNTP=1
2026-09-12 11:24:38.466: [INFO] BookmarksSnapshot Shutdown total=0 bar=0 other=0 mobile=0 showBar=0 showBarNTP=1
2026-09-14 21:23:12.846: [INFO] CurrentProfilePath: C:\Users\alex_\Desktop\Curso de Java\workspace\.metadata\.plugins\org.eclipse.swt\EBWebView\Default
2026-09-14 21:23:12.846: [INFO] Profiles total count: 1
2026-09-14 21:23:12.846: [INFO] Profile: name=Perfil 1 path=C:\Users\alex_\Desktop\Curso de Java\workspace\.metadata\.plugins\org.eclipse.swt\EBWebView\Default lastActive=null
2026-09-14 21:23:12.846: [INFO] LastUsedProfileDir: C:\Users\alex_\Desktop\Curso de Java\workspace\.metadata\.plugins\org.eclipse.swt\EBWebView\Default
2026-09-14 21:23:12.846: [INFO] OnDoneLoading sync enabled: 0
2026-09-14 21:23:12.846: [INFO] BookmarkModelLoaded, ids_reassigned: 0
2026-09-14 21:23:12.846: [INFO] BookmarksLoadDropped droppedNodes=0
2026-09-14 21:23:12.846: [INFO] BookmarksSnapshot Startup total=0 bar=0 other=0 mobile=0 showBar=0 showBarNTP=1
2026-09-14 21:24:24.802: [INFO] BookmarksSnapshot Shutdown total=0 bar=0 other=0 mobile=0 showBar=0 showBarNTP=1
2026-09-14 21:27:52.641: [INFO] CurrentProfilePath: C:\Users\alex_\Desktop\Curso de Java\workspace\.metadata\.plugins\org.eclipse.swt\EBWebView\Default
2026-09-14 21:27:52.641: [INFO] Profiles total count: 1
2026-09-14 21:27:52.641: [INFO] Profile: name=Perfil 1 path=C:\Users\alex_\Desktop\Curso de Java\workspace\.metadata\.plugins\org.eclipse.swt\EBWebView\Default lastActive=null
2026-09-14 21:27:52.641: [INFO] LastUsedProfileDir: C:\Users\alex_\Desktop\Curso de Java\workspace\.metadata\.plugins\org.eclipse.swt\EBWebView\Default
2026-09-14 21:27:52.641: [INFO] OnDoneLoading sync enabled: 0
2026-09-14 21:27:52.641: [INFO] BookmarkModelLoaded, ids_reassigned: 0
2026-09-14 21:27:52.641: [INFO] BookmarksLoadDropped droppedNodes=0
2026-09-14 21:27:52.641: [INFO] BookmarksSnapshot Startup total=0 bar=0 other=0 mobile=0 showBar=0 showBarNTP=1
2026-09-14 21:27:52.839: [INFO] BookmarksSnapshot Shutdown total=0 bar=0 other=0 mobile=0 showBar=0 showBarNTP=1
2026-09-14 21:33:47.314: [INFO] CurrentProfilePath: C:\Users\alex_\Desktop\Curso de Java\workspace\.metadata\.plugins\org.eclipse.swt\EBWebView\Default
2026-09-14 21:33:47.314: [INFO] Profiles total count: 1
2026-09-14 21:33:47.314: [INFO] Profile: name=Perfil 1 path=C:\Users\alex_\Desktop\Curso de Java\workspace\.metadata\.plugins\org.eclipse.swt\EBWebView\Default lastActive=null
2026-09-14 21:33:47.314: [INFO] LastUsedProfileDir: C:\Users\alex_\Desktop\Curso de Java\workspace\.metadata\.plugins\org.eclipse.swt\EBWebView\Default
2026-09-14 21:33:47.314: [INFO] OnDoneLoading sync enabled: 0
2026-09-14 21:33:47.314: [INFO] BookmarkModelLoaded, ids_reassigned: 0
2026-09-14 21:33:47.314: [INFO] BookmarksLoadDropped droppedNodes=0
2026-09-14 21:33:47.314: [INFO] BookmarksSnapshot Startup total=0 bar=0 other=0 mobile=0 showBar=0 showBarNTP=1
2026-09-14 21:35:28.874: [INFO] BookmarksSnapshot Shutdown total=0 bar=0 other=0 mobile=0 showBar=0 showBarNTP=1
2026-09-14 21:36:56.161: [INFO] CurrentProfilePath: C:\Users\alex_\Desktop\Curso de Java\workspace\.metadata\.plugins\org.eclipse.swt\EBWebView\Default
2026-09-14 21:36:56.161: [INFO] Profiles total count: 1
2026-09-14 21:36:56.161: [INFO] Profile: name=Perfil 1 path=C:\Users\alex_\Desktop\Curso de Java\workspace\.metadata\.plugins\org.eclipse.swt\EBWebView\Default lastActive=null
2026-09-14 21:36:56.161: [INFO] LastUsedProfileDir: C:\Users\alex_\Desktop\Curso de Java\workspace\.metadata\.plugins\org.eclipse.swt\EBWebView\Default
2026-09-14 21:36:56.161: [INFO] OnDoneLoading sync enabled: 0
2026-09-14 21:36:56.161: [INFO] BookmarkModelLoaded, ids_reassigned: 0
2026-09-14 21:36:56.161: [INFO] BookmarksLoadDropped droppedNodes=0
2026-09-14 21:36:56.161: [INFO] BookmarksSnapshot Startup total=0 bar=0 other=0 mobile=0 showBar=0 showBarNTP=1
2026-09-14 21:36:56.419: [INFO] BookmarksSnapshot Shutdown total=0 bar=0 other=0 mobile=0 showBar=0 showBarNTP=1
2026-09-14 21:37:50.323: [INFO] CurrentProfilePath: C:\Users\alex_\Desktop\Curso de Java\workspace\.metadata\.plugins\org.eclipse.swt\EBWebView\Default
2026-09-14 21:37:50.323: [INFO] Profiles total count: 1
2026-09-14 21:37:50.323: [INFO] Profile: name=Perfil 1 path=C:\Users\alex_\Desktop\Curso de Java\workspace\.metadata\.plugins\org.eclipse.swt\EBWebView\Default lastActive=null
2026-09-14 21:37:50.323: [INFO] LastUsedProfileDir: C:\Users\alex_\Desktop\Curso de Java\workspace\.metadata\.plugins\org.eclipse.swt\EBWebView\Default
2026-09-14 21:37:50.323: [INFO] OnDoneLoading sync enabled: 0
2026-09-14 21:37:50.323: [INFO] BookmarkModelLoaded, ids_reassigned: 0
2026-09-14 21:37:50.323: [INFO] BookmarksLoadDropped droppedNodes=0
2026-09-14 21:37:50.323: [INFO] BookmarksSnapshot Startup total=0 bar=0 other=0 mobile=0 showBar=0 showBarNTP=1
2026-09-14 21:42:34.026: [INFO] BookmarksSnapshot Shutdown total=0 bar=0 other=0 mobile=0 showBar=0 showBarNTP=1
2026-09-14 21:43:17.708: [INFO] CurrentProfilePath: C:\Users\alex_\Desktop\Curso de Java\workspace\.metadata\.plugins\org.eclipse.swt\EBWebView\Default
2026-09-14 21:43:17.709: [INFO] Profiles total count: 1
2026-09-14 21:43:17.709: [INFO] Profile: name=Perfil 1 path=C:\Users\alex_\Desktop\Curso de Java\workspace\.metadata\.plugins\org.eclipse.swt\EBWebView\Default lastActive=null
2026-09-14 21:43:17.709: [INFO] LastUsedProfileDir: C:\Users\alex_\Desktop\Curso de Java\workspace\.metadata\.plugins\org.eclipse.swt\EBWebView\Default
2026-09-14 21:43:17.709: [INFO] OnDoneLoading sync enabled: 0
2026-09-14 21:43:17.709: [INFO] BookmarkModelLoaded, ids_reassigned: 0
2026-09-14 21:43:17.709: [INFO] BookmarksLoadDropped droppedNodes=0
2026-09-14 21:43:17.709: [INFO] BookmarksSnapshot Startup total=0 bar=0 other=0 mobile=0 showBar=0 showBarNTP=1
2026-09-14 21:43:53.639: [INFO] BookmarksSnapshot Shutdown total=0 bar=0 other=0 mobile=0 showBar=0 showBarNTP=1
2026-09-14 21:45:09.428: [INFO] CurrentProfilePath: C:\Users\alex_\Desktop\Curso de Java\workspace\.metadata\.plugins\org.eclipse.swt\EBWebView\Default
2026-09-14 21:45:09.428: [INFO] Profiles total count: 1
2026-09-14 21:45:09.428: [INFO] Profile: name=Perfil 1 path=C:\Users\alex_\Desktop\Curso de Java\workspace\.metadata\.plugins\org.eclipse.swt\EBWebView\Default lastActive=null
2026-09-14 21:45:09.428: [INFO] LastUsedProfileDir: C:\Users\alex_\Desktop\Curso de Java\workspace\.metadata\.plugins\org.eclipse.swt\EBWebView\Default
2026-09-14 21:45:09.428: [INFO] OnDoneLoading sync enabled: 0
2026-09-14 21:45:09.428: [INFO] BookmarkModelLoaded, ids_reassigned: 0
2026-09-14 21:45:09.428: [INFO] BookmarksLoadDropped droppedNodes=0
2026-09-14 21:45:09.428: [INFO] BookmarksSnapshot Startup total=0 bar=0 other=0 mobile=0 showBar=0 showBarNTP=1
2026-09-14 21:46:12.363: [INFO] BookmarksSnapshot Shutdown total=0 bar=0 other=0 mobile=0 showBar=0 showBarNTP=1
2026-09-14 21:46:50.707: [INFO] CurrentProfilePath: C:\Users\alex_\Desktop\Curso de Java\workspace\.metadata\.plugins\org.eclipse.swt\EBWebView\Default
2026-09-14 21:46:50.707: [INFO] Profiles total count: 1
2026-09-14 21:46:50.707: [INFO] Profile: name=Perfil 1 path=C:\Users\alex_\Desktop\Curso de Java\workspace\.metadata\.plugins\org.eclipse.swt\EBWebView\Default lastActive=null
2026-09-14 21:46:50.707: [INFO] LastUsedProfileDir: C:\Users\alex_\Desktop\Curso de Java\workspace\.metadata\.plugins\org.eclipse.swt\EBWebView\Default
2026-09-14 21:46:50.707: [INFO] OnDoneLoading sync enabled: 0
2026-09-14 21:46:50.707: [INFO] BookmarkModelLoaded, ids_reassigned: 0
2026-09-14 21:46:50.707: [INFO] BookmarksLoadDropped droppedNodes=0
2026-09-14 21:46:50.707: [INFO] BookmarksSnapshot Startup total=0 bar=0 other=0 mobile=0 showBar=0 showBarNTP=1
2026-09-14 21:51:13.274: [INFO] BookmarksSnapshot Shutdown total=0 bar=0 other=0 mobile=0 showBar=0 showBarNTP=1
2026-09-14 21:51:19.732: [INFO] CurrentProfilePath: C:\Users\alex_\Desktop\Curso de Java\workspace\.metadata\.plugins\org.eclipse.swt\EBWebView\Default
2026-09-14 21:51:19.732: [INFO] Profiles total count: 1
2026-09-14 21:51:19.732: [INFO] Profile: name=Perfil 1 path=C:\Users\alex_\Desktop\Curso de Java\workspace\.metadata\.plugins\org.eclipse.swt\EBWebView\Default lastActive=null
2026-09-14 21:51:19.732: [INFO] LastUsedProfileDir: C:\Users\alex_\Desktop\Curso de Java\workspace\.metadata\.plugins\org.eclipse.swt\EBWebView\Default
2026-09-14 21:51:19.732: [INFO] OnDoneLoading sync enabled: 0
2026-09-14 21:51:19.732: [INFO] BookmarkModelLoaded, ids_reassigned: 0
2026-09-14 21:51:19.732: [INFO] BookmarksLoadDropped droppedNodes=0
2026-09-14 21:51:19.732: [INFO] BookmarksSnapshot Startup total=0 bar=0 other=0 mobile=0 showBar=0 showBarNTP=1
2026-09-14 21:51:45.102: [INFO] BookmarksSnapshot Shutdown total=0 bar=0 other=0 mobile=0 showBar=0 showBarNTP=1
2026-09-14 21:53:10.601: [INFO] CurrentProfilePath: C:\Users\alex_\Desktop\Curso de Java\workspace\.metadata\.plugins\org.eclipse.swt\EBWebView\Default
2026-09-14 21:53:10.601: [INFO] Profiles total count: 1
2026-09-14 21:53:10.601: [INFO] Profile: name=Perfil 1 path=C:\Users\alex_\Desktop\Curso de Java\workspace\.metadata\.plugins\org.eclipse.swt\EBWebView\Default lastActive=null
2026-09-14 21:53:10.601: [INFO] LastUsedProfileDir: C:\Users\alex_\Desktop\Curso de Java\workspace\.metadata\.plugins\org.eclipse.swt\EBWebView\Default
2026-09-14 21:53:10.601: [INFO] OnDoneLoading sync enabled: 0
2026-09-14 21:53:10.601: [INFO] BookmarkModelLoaded, ids_reassigned: 0
2026-09-14 21:53:10.601: [INFO] BookmarksLoadDropped droppedNodes=0
2026-09-14 21:53:10.601: [INFO] BookmarksSnapshot Startup total=0 bar=0 other=0 mobile=0 showBar=0 showBarNTP=1
2026-09-14 21:57:07.092: [INFO] BookmarksSnapshot Shutdown total=0 bar=0 other=0 mobile=0 showBar=0 showBarNTP=1
2026-09-14 21:59:58.360: [INFO] CurrentProfilePath: C:\Users\alex_\Desktop\Curso de Java\workspace\.metadata\.plugins\org.eclipse.swt\EBWebView\Default
2026-09-14 21:59:58.360: [INFO] Profiles total count: 1
2026-09-14 21:59:58.360: [INFO] Profile: name=Perfil 1 path=C:\Users\alex_\Desktop\Curso de Java\workspace\.metadata\.plugins\org.eclipse.swt\EBWebView\Default lastActive=null
2026-09-14 21:59:58.360: [INFO] LastUsedProfileDir: C:\Users\alex_\Desktop\Curso de Java\workspace\.metadata\.plugins\org.eclipse.swt\EBWebView\Default
2026-09-14 21:59:58.360: [INFO] OnDoneLoading sync enabled: 0
2026-09-14 21:59:58.360: [INFO] BookmarkModelLoaded, ids_reassigned: 0
2026-09-14 21:59:58.360: [INFO] BookmarksLoadDropped droppedNodes=0
2026-09-14 21:59:58.360: [INFO] BookmarksSnapshot Startup total=0 bar=0 other=0 mobile=0 showBar=0 showBarNTP=1
2026-09-14 22:00:16.072: [INFO] BookmarksSnapshot Shutdown total=0 bar=0 other=0 mobile=0 showBar=0 showBarNTP=1
2026-09-14 22:00:46.665: [INFO] CurrentProfilePath: C:\Users\alex_\Desktop\Curso de Java\workspace\.metadata\.plugins\org.eclipse.swt\EBWebView\Default
2026-09-14 22:00:46.665: [INFO] Profiles total count: 1
2026-09-14 22:00:46.665: [INFO] Profile: name=Perfil 1 path=C:\Users\alex_\Desktop\Curso de Java\workspace\.metadata\.plugins\org.eclipse.swt\EBWebView\Default lastActive=null
2026-09-14 22:00:46.665: [INFO] LastUsedProfileDir: C:\Users\alex_\Desktop\Curso de Java\workspace\.metadata\.plugins\org.eclipse.swt\EBWebView\Default
2026-09-14 22:00:46.665: [INFO] OnDoneLoading sync enabled: 0
2026-09-14 22:00:46.665: [INFO] BookmarkModelLoaded, ids_reassigned: 0
2026-09-14 22:00:46.665: [INFO] BookmarksLoadDropped droppedNodes=0
2026-09-14 22:00:46.665: [INFO] BookmarksSnapshot Startup total=0 bar=0 other=0 mobile=0 showBar=0 showBarNTP=1
2026-09-14 22:04:05.206: [INFO] BookmarksSnapshot Shutdown total=0 bar=0 other=0 mobile=0 showBar=0 showBarNTP=1
2026-09-15 21:52:50.454: [INFO] CurrentProfilePath: C:\Users\alex_\Desktop\Curso de Java\workspace\.metadata\.plugins\org.eclipse.swt\EBWebView\Default
2026-09-15 21:52:50.455: [INFO] Profiles total count: 1
2026-09-15 21:52:50.455: [INFO] Profile: name=Perfil 1 path=C:\Users\alex_\Desktop\Curso de Java\workspace\.metadata\.plugins\org.eclipse.swt\EBWebView\Default lastActive=null
2026-09-15 21:52:50.455: [INFO] LastUsedProfileDir: C:\Users\alex_\Desktop\Curso de Java\workspace\.metadata\.plugins\org.eclipse.swt\EBWebView\Default
2026-09-15 21:52:50.455: [INFO] OnDoneLoading sync enabled: 0
2026-09-15 21:52:50.455: [INFO] BookmarkModelLoaded, ids_reassigned: 0
2026-09-15 21:52:50.455: [INFO] BookmarksLoadDropped droppedNodes=0
2026-09-15 21:52:50.455: [INFO] BookmarksSnapshot Startup total=0 bar=0 other=0 mobile=0 showBar=0 showBarNTP=1
2026-09-15 22:02:24.707: [INFO] BookmarksSnapshot Shutdown total=0 bar=0 other=0 mobile=0 showBar=0 showBarNTP=1
2026-09-15 22:02:31.671: [INFO] CurrentProfilePath: C:\Users\alex_\Desktop\Curso de Java\workspace\.metadata\.plugins\org.eclipse.swt\EBWebView\Default
2026-09-15 22:02:31.671: [INFO] Profiles total count: 1
2026-09-15 22:02:31.671: [INFO] Profile: name=Perfil 1 path=C:\Users\alex_\Desktop\Curso de Java\workspace\.metadata\.plugins\org.eclipse.swt\EBWebView\Default lastActive=null
2026-09-15 22:02:31.671: [INFO] LastUsedProfileDir: C:\Users\alex_\Desktop\Curso de Java\workspace\.metadata\.plugins\org.eclipse.swt\EBWebView\Default
2026-09-15 22:02:31.671: [INFO] OnDoneLoading sync enabled: 0
2026-09-15 22:02:31.671: [INFO] BookmarkModelLoaded, ids_reassigned: 0
2026-09-15 22:02:31.671: [INFO] BookmarksLoadDropped droppedNodes=0
2026-09-15 22:02:31.671: [INFO] BookmarksSnapshot Startup total=0 bar=0 other=0 mobile=0 showBar=0 showBarNTP=1
2026-09-15 22:05:51.590: [INFO] BookmarksSnapshot Shutdown total=0 bar=0 other=0 mobile=0 showBar=0 showBarNTP=1
2026-09-15 22:06:12.470: [INFO] CurrentProfilePath: C:\Users\alex_\Desktop\Curso de Java\workspace\.metadata\.plugins\org.eclipse.swt\EBWebView\Default
2026-09-15 22:06:12.470: [INFO] Profiles total count: 1
2026-09-15 22:06:12.470: [INFO] Profile: name=Perfil 1 path=C:\Users\alex_\Desktop\Curso de Java\workspace\.metadata\.plugins\org.eclipse.swt\EBWebView\Default lastActive=null
2026-09-15 22:06:12.470: [INFO] LastUsedProfileDir: C:\Users\alex_\Desktop\Curso de Java\workspace\.metadata\.plugins\org.eclipse.swt\EBWebView\Default
2026-09-15 22:06:12.470: [INFO] OnDoneLoading sync enabled: 0
2026-09-15 22:06:12.470: [INFO] BookmarkModelLoaded, ids_reassigned: 0
2026-09-15 22:06:12.470: [INFO] BookmarksLoadDropped droppedNodes=0
2026-09-15 22:06:12.470: [INFO] BookmarksSnapshot Startup total=0 bar=0 other=0 mobile=0 showBar=0 showBarNTP=1
2026-09-15 22:07:12.802: [INFO] BookmarksSnapshot Shutdown total=0 bar=0 other=0 mobile=0 showBar=0 showBarNTP=1
2026-09-15 22:07:21.804: [INFO] CurrentProfilePath: C:\Users\alex_\Desktop\Curso de Java\workspace\.metadata\.plugins\org.eclipse.swt\EBWebView\Default
2026-09-15 22:07:21.804: [INFO] Profiles total count: 1
2026-09-15 22:07:21.804: [INFO] Profile: name=Perfil 1 path=C:\Users\alex_\Desktop\Curso de Java\workspace\.metadata\.plugins\org.eclipse.swt\EBWebView\Default lastActive=null
2026-09-15 22:07:21.804: [INFO] LastUsedProfileDir: C:\Users\alex_\Desktop\Curso de Java\workspace\.metadata\.plugins\org.eclipse.swt\EBWebView\Default
2026-09-15 22:07:21.804: [INFO] OnDoneLoading sync enabled: 0
2026-09-15 22:07:21.804: [INFO] BookmarkModelLoaded, ids_reassigned: 0
2026-09-15 22:07:21.804: [INFO] BookmarksLoadDropped droppedNodes=0
2026-09-15 22:07:21.804: [INFO] BookmarksSnapshot Startup total=0 bar=0 other=0 mobile=0 showBar=0 showBarNTP=1
2026-09-15 22:07:28.321: [INFO] BookmarksSnapshot Shutdown total=0 bar=0 other=0 mobile=0 showBar=0 showBarNTP=1
2026-09-15 22:08:36.513: [INFO] CurrentProfilePath: C:\Users\alex_\Desktop\Curso de Java\workspace\.metadata\.plugins\org.eclipse.swt\EBWebView\Default
2026-09-15 22:08:36.513: [INFO] Profiles total count: 1
2026-09-15 22:08:36.513: [INFO] Profile: name=Perfil 1 path=C:\Users\alex_\Desktop\Curso de Java\workspace\.metadata\.plugins\org.eclipse.swt\EBWebView\Default lastActive=null
2026-09-15 22:08:36.513: [INFO] LastUsedProfileDir: C:\Users\alex_\Desktop\Curso de Java\workspace\.metadata\.plugins\org.eclipse.swt\EBWebView\Default
2026-09-15 22:08:36.513: [INFO] OnDoneLoading sync enabled: 0
2026-09-15 22:08:36.513: [INFO] BookmarkModelLoaded, ids_reassigned: 0
2026-09-15 22:08:36.513: [INFO] BookmarksLoadDropped droppedNodes=0
2026-09-15 22:08:36.513: [INFO] BookmarksSnapshot Startup total=0 bar=0 other=0 mobile=0 showBar=0 showBarNTP=1
2026-09-15 22:08:39.301: [INFO] BookmarksSnapshot Shutdown total=0 bar=0 other=0 mobile=0 showBar=0 showBarNTP=1
2026-09-15 22:11:22.207: [INFO] CurrentProfilePath: C:\Users\alex_\Desktop\Curso de Java\workspace\.metadata\.plugins\org.eclipse.swt\EBWebView\Default
2026-09-15 22:11:22.207: [INFO] Profiles total count: 1
2026-09-15 22:11:22.207: [INFO] Profile: name=Perfil 1 path=C:\Users\alex_\Desktop\Curso de Java\workspace\.metadata\.plugins\org.eclipse.swt\EBWebView\Default lastActive=null
2026-09-15 22:11:22.207: [INFO] LastUsedProfileDir: C:\Users\alex_\Desktop\Curso de Java\workspace\.metadata\.plugins\org.eclipse.swt\EBWebView\Default
2026-09-15 22:11:22.207: [INFO] OnDoneLoading sync enabled: 0
2026-09-15 22:11:22.207: [INFO] BookmarkModelLoaded, ids_reassigned: 0
2026-09-15 22:11:22.207: [INFO] BookmarksLoadDropped droppedNodes=0
2026-09-15 22:11:22.207: [INFO] BookmarksSnapshot Startup total=0 bar=0 other=0 mobile=0 showBar=0 showBarNTP=1
2026-09-15 22:11:28.571: [INFO] BookmarksSnapshot Shutdown total=0 bar=0 other=0 mobile=0 showBar=0 showBarNTP=1
2026-09-15 22:11:46.429: [INFO] CurrentProfilePath: C:\Users\alex_\Desktop\Curso de Java\workspace\.metadata\.plugins\org.eclipse.swt\EBWebView\Default
2026-09-15 22:11:46.429: [INFO] Profiles total count: 1
2026-09-15 22:11:46.429: [INFO] Profile: name=Perfil 1 path=C:\Users\alex_\Desktop\Curso de Java\workspace\.metadata\.plugins\org.eclipse.swt\EBWebView\Default lastActive=null
2026-09-15 22:11:46.429: [INFO] LastUsedProfileDir: C:\Users\alex_\Desktop\Curso de Java\workspace\.metadata\.plugins\org.eclipse.swt\EBWebView\Default
2026-09-15 22:11:46.429: [INFO] OnDoneLoading sync enabled: 0
2026-09-15 22:11:46.429: [INFO] BookmarkModelLoaded, ids_reassigned: 0
2026-09-15 22:11:46.429: [INFO] BookmarksLoadDropped droppedNodes=0
2026-09-15 22:11:46.429: [INFO] BookmarksSnapshot Startup total=0 bar=0 other=0 mobile=0 showBar=0 showBarNTP=1
2026-09-15 22:20:29.093: [INFO] BookmarksSnapshot Shutdown total=0 bar=0 other=0 mobile=0 showBar=0 showBarNTP=1
2026-09-15 22:21:51.757: [INFO] CurrentProfilePath: C:\Users\alex_\Desktop\Curso de Java\workspace\.metadata\.plugins\org.eclipse.swt\EBWebView\Default
2026-09-15 22:21:51.757: [INFO] Profiles total count: 1
2026-09-15 22:21:51.757: [INFO] Profile: name=Perfil 1 path=C:\Users\alex_\Desktop\Curso de Java\workspace\.metadata\.plugins\org.eclipse.swt\EBWebView\Default lastActive=null
2026-09-15 22:21:51.757: [INFO] LastUsedProfileDir: C:\Users\alex_\Desktop\Curso de Java\workspace\.metadata\.plugins\org.eclipse.swt\EBWebView\Default
2026-09-15 22:21:51.757: [INFO] OnDoneLoading sync enabled: 0
2026-09-15 22:21:51.757: [INFO] BookmarkModelLoaded, ids_reassigned: 0
2026-09-15 22:21:51.757: [INFO] BookmarksLoadDropped droppedNodes=0
2026-09-15 22:21:51.757: [INFO] BookmarksSnapshot Startup total=0 bar=0 other=0 mobile=0 showBar=0 showBarNTP=1
2026-09-15 22:22:02.058: [INFO] BookmarksSnapshot Shutdown total=0 bar=0 other=0 mobile=0 showBar=0 showBarNTP=1
2026-09-15 22:23:31.677: [INFO] CurrentProfilePath: C:\Users\alex_\Desktop\Curso de Java\workspace\.metadata\.plugins\org.eclipse.swt\EBWebView\Default
2026-09-15 22:23:31.677: [INFO] Profiles total count: 1
2026-09-15 22:23:31.677: [INFO] Profile: name=Perfil 1 path=C:\Users\alex_\Desktop\Curso de Java\workspace\.metadata\.plugins\org.eclipse.swt\EBWebView\Default lastActive=null
2026-09-15 22:23:31.677: [INFO] LastUsedProfileDir: C:\Users\alex_\Desktop\Curso de Java\workspace\.metadata\.plugins\org.eclipse.swt\EBWebView\Default
2026-09-15 22:23:31.677: [INFO] OnDoneLoading sync enabled: 0
2026-09-15 22:23:31.677: [INFO] BookmarkModelLoaded, ids_reassigned: 0
2026-09-15 22:23:31.677: [INFO] BookmarksLoadDropped droppedNodes=0
2026-09-15 22:23:31.677: [INFO] BookmarksSnapshot Startup total=0 bar=0 other=0 mobile=0 showBar=0 showBarNTP=1
2026-09-15 22:23:31.794: [INFO] BookmarksSnapshot Shutdown total=0 bar=0 other=0 mobile=0 showBar=0 showBarNTP=1
2026-09-15 22:24:25.426: [INFO] CurrentProfilePath: C:\Users\alex_\Desktop\Curso de Java\workspace\.metadata\.plugins\org.eclipse.swt\EBWebView\Default
2026-09-15 22:24:25.426: [INFO] Profiles total count: 1
2026-09-15 22:24:25.426: [INFO] Profile: name=Perfil 1 path=C:\Users\alex_\Desktop\Curso de Java\workspace\.metadata\.plugins\org.eclipse.swt\EBWebView\Default lastActive=null
2026-09-15 22:24:25.426: [INFO] LastUsedProfileDir: C:\Users\alex_\Desktop\Curso de Java\workspace\.metadata\.plugins\org.eclipse.swt\EBWebView\Default
2026-09-15 22:24:25.426: [INFO] OnDoneLoading sync enabled: 0
2026-09-15 22:24:25.426: [INFO] BookmarkModelLoaded, ids_reassigned: 0
2026-09-15 22:24:25.426: [INFO] BookmarksLoadDropped droppedNodes=0
2026-09-15 22:24:25.426: [INFO] BookmarksSnapshot Startup total=0 bar=0 other=0 mobile=0 showBar=0 showBarNTP=1
2026-09-15 22:25:06.768: [INFO] BookmarksSnapshot Shutdown total=0 bar=0 other=0 mobile=0 showBar=0 showBarNTP=1
2026-09-15 22:25:50.142: [INFO] CurrentProfilePath: C:\Users\alex_\Desktop\Curso de Java\workspace\.metadata\.plugins\org.eclipse.swt\EBWebView\Default
2026-09-15 22:25:50.142: [INFO] Profiles total count: 1
2026-09-15 22:25:50.142: [INFO] Profile: name=Perfil 1 path=C:\Users\alex_\Desktop\Curso de Java\workspace\.metadata\.plugins\org.eclipse.swt\EBWebView\Default lastActive=null
2026-09-15 22:25:50.142: [INFO] LastUsedProfileDir: C:\Users\alex_\Desktop\Curso de Java\workspace\.metadata\.plugins\org.eclipse.swt\EBWebView\Default
2026-09-15 22:25:50.142: [INFO] OnDoneLoading sync enabled: 0
2026-09-15 22:25:50.142: [INFO] BookmarkModelLoaded, ids_reassigned: 0
2026-09-15 22:25:50.142: [INFO] BookmarksLoadDropped droppedNodes=0
2026-09-15 22:25:50.142: [INFO] BookmarksSnapshot Startup total=0 bar=0 other=0 mobile=0 showBar=0 showBarNTP=1
2026-09-15 22:28:51.369: [INFO] BookmarksSnapshot Shutdown total=0 bar=0 other=0 mobile=0 showBar=0 showBarNTP=1
2026-09-15 22:29:48.818: [INFO] CurrentProfilePath: C:\Users\alex_\Desktop\Curso de Java\workspace\.metadata\.plugins\org.eclipse.swt\EBWebView\Default
2026-09-15 22:29:48.818: [INFO] Profiles total count: 1
2026-09-15 22:29:48.818: [INFO] Profile: name=Perfil 1 path=C:\Users\alex_\Desktop\Curso de Java\workspace\.metadata\.plugins\org.eclipse.swt\EBWebView\Default lastActive=null
2026-09-15 22:29:48.818: [INFO] LastUsedProfileDir: C:\Users\alex_\Desktop\Curso de Java\workspace\.metadata\.plugins\org.eclipse.swt\EBWebView\Default
2026-09-15 22:29:48.818: [INFO] OnDoneLoading sync enabled: 0
2026-09-15 22:29:48.818: [INFO] BookmarkModelLoaded, ids_reassigned: 0
2026-09-15 22:29:48.818: [INFO] BookmarksLoadDropped droppedNodes=0
2026-09-15 22:29:48.818: [INFO] BookmarksSnapshot Startup total=0 bar=0 other=0 mobile=0 showBar=0 showBarNTP=1
2026-09-15 22:33:32.917: [INFO] BookmarksSnapshot Shutdown total=0 bar=0 other=0 mobile=0 showBar=0 showBarNTP=1
2026-09-15 22:33:36.694: [INFO] CurrentProfilePath: C:\Users\alex_\Desktop\Curso de Java\workspace\.metadata\.plugins\org.eclipse.swt\EBWebView\Default
2026-09-15 22:33:36.694: [INFO] Profiles total count: 1
2026-09-15 22:33:36.694: [INFO] Profile: name=Perfil 1 path=C:\Users\alex_\Desktop\Curso de Java\workspace\.metadata\.plugins\org.eclipse.swt\EBWebView\Default lastActive=null
2026-09-15 22:33:36.694: [INFO] LastUsedProfileDir: C:\Users\alex_\Desktop\Curso de Java\workspace\.metadata\.plugins\org.eclipse.swt\EBWebView\Default
2026-09-15 22:33:36.694: [INFO] OnDoneLoading sync enabled: 0
2026-09-15 22:33:36.694: [INFO] BookmarkModelLoaded, ids_reassigned: 0
2026-09-15 22:33:36.694: [INFO] BookmarksLoadDropped droppedNodes=0
2026-09-15 22:33:36.694: [INFO] BookmarksSnapshot Startup total=0 bar=0 other=0 mobile=0 showBar=0 showBarNTP=1
2026-09-15 22:34:28.030: [INFO] BookmarksSnapshot Shutdown total=0 bar=0 other=0 mobile=0 showBar=0 showBarNTP=1
2026-09-16 21:10:11.266: [INFO] CurrentProfilePath: C:\Users\alex_\Desktop\Curso de Java\workspace\.metadata\.plugins\org.eclipse.swt\EBWebView\Default
2026-09-16 21:10:11.266: [INFO] Profiles total count: 1
2026-09-16 21:10:11.266: [INFO] Profile: name=Perfil 1 path=C:\Users\alex_\Desktop\Curso de Java\workspace\.metadata\.plugins\org.eclipse.swt\EBWebView\Default lastActive=null
2026-09-16 21:10:11.266: [INFO] LastUsedProfileDir: C:\Users\alex_\Desktop\Curso de Java\workspace\.metadata\.plugins\org.eclipse.swt\EBWebView\Default
2026-09-16 21:10:11.266: [INFO] OnDoneLoading sync enabled: 0
2026-09-16 21:10:11.266: [INFO] BookmarkModelLoaded, ids_reassigned: 0
2026-09-16 21:10:11.266: [INFO] BookmarksLoadDropped droppedNodes=0
2026-09-16 21:10:11.266: [INFO] BookmarksSnapshot Startup total=0 bar=0 other=0 mobile=0 showBar=0 showBarNTP=1
2026-09-16 21:11:55.961: [INFO] BookmarksSnapshot Shutdown total=0 bar=0 other=0 mobile=0 showBar=0 showBarNTP=1
2026-09-16 21:13:31.319: [INFO] CurrentProfilePath: C:\Users\alex_\Desktop\Curso de Java\workspace\.metadata\.plugins\org.eclipse.swt\EBWebView\Default
2026-09-16 21:13:31.319: [INFO] Profiles total count: 1
2026-09-16 21:13:31.319: [INFO] Profile: name=Perfil 1 path=C:\Users\alex_\Desktop\Curso de Java\workspace\.metadata\.plugins\org.eclipse.swt\EBWebView\Default lastActive=null
2026-09-16 21:13:31.319: [INFO] LastUsedProfileDir: C:\Users\alex_\Desktop\Curso de Java\workspace\.metadata\.plugins\org.eclipse.swt\EBWebView\Default
2026-09-16 21:13:31.319: [INFO] OnDoneLoading sync enabled: 0
2026-09-16 21:13:31.319: [INFO] BookmarkModelLoaded, ids_reassigned: 0
2026-09-16 21:13:31.319: [INFO] BookmarksLoadDropped droppedNodes=0
2026-09-16 21:13:31.319: [INFO] BookmarksSnapshot Startup total=0 bar=0 other=0 mobile=0 showBar=0 showBarNTP=1
2026-09-16 21:13:35.266: [INFO] BookmarksSnapshot Shutdown total=0 bar=0 other=0 mobile=0 showBar=0 showBarNTP=1
2026-09-16 21:13:37.488: [INFO] CurrentProfilePath: C:\Users\alex_\Desktop\Curso de Java\workspace\.metadata\.plugins\org.eclipse.swt\EBWebView\Default
2026-09-16 21:13:37.488: [INFO] Profiles total count: 1
2026-09-16 21:13:37.488: [INFO] Profile: name=Perfil 1 path=C:\Users\alex_\Desktop\Curso de Java\workspace\.metadata\.plugins\org.eclipse.swt\EBWebView\Default lastActive=null
2026-09-16 21:13:37.488: [INFO] LastUsedProfileDir: C:\Users\alex_\Desktop\Curso de Java\workspace\.metadata\.plugins\org.eclipse.swt\EBWebView\Default
2026-09-16 21:13:37.488: [INFO] OnDoneLoading sync enabled: 0
2026-09-16 21:13:37.488: [INFO] BookmarkModelLoaded, ids_reassigned: 0
2026-09-16 21:13:37.488: [INFO] BookmarksLoadDropped droppedNodes=0
2026-09-16 21:13:37.488: [INFO] BookmarksSnapshot Startup total=0 bar=0 other=0 mobile=0 showBar=0 showBarNTP=1
2026-09-16 21:13:37.790: [INFO] BookmarksSnapshot Shutdown total=0 bar=0 other=0 mobile=0 showBar=0 showBarNTP=1
2026-09-16 21:13:47.821: [INFO] CurrentProfilePath: C:\Users\alex_\Desktop\Curso de Java\workspace\.metadata\.plugins\org.eclipse.swt\EBWebView\Default
2026-09-16 21:13:47.821: [INFO] Profiles total count: 1
2026-09-16 21:13:47.821: [INFO] Profile: name=Perfil 1 path=C:\Users\alex_\Desktop\Curso de Java\workspace\.metadata\.plugins\org.eclipse.swt\EBWebView\Default lastActive=null
2026-09-16 21:13:47.821: [INFO] LastUsedProfileDir: C:\Users\alex_\Desktop\Curso de Java\workspace\.metadata\.plugins\org.eclipse.swt\EBWebView\Default
2026-09-16 21:13:47.821: [INFO] OnDoneLoading sync enabled: 0
2026-09-16 21:13:47.821: [INFO] BookmarkModelLoaded, ids_reassigned: 0
2026-09-16 21:13:47.821: [INFO] BookmarksLoadDropped droppedNodes=0
2026-09-16 21:13:47.821: [INFO] BookmarksSnapshot Startup total=0 bar=0 other=0 mobile=0 showBar=0 showBarNTP=1
2026-09-16 21:18:40.459: [INFO] BookmarksSnapshot Shutdown total=0 bar=0 other=0 mobile=0 showBar=0 showBarNTP=1
2026-09-16 21:18:41.917: [INFO] CurrentProfilePath: C:\Users\alex_\Desktop\Curso de Java\workspace\.metadata\.plugins\org.eclipse.swt\EBWebView\Default
2026-09-16 21:18:41.917: [INFO] Profiles total count: 1
2026-09-16 21:18:41.917: [INFO] Profile: name=Perfil 1 path=C:\Users\alex_\Desktop\Curso de Java\workspace\.metadata\.plugins\org.eclipse.swt\EBWebView\Default lastActive=null
2026-09-16 21:18:41.917: [INFO] LastUsedProfileDir: C:\Users\alex_\Desktop\Curso de Java\workspace\.metadata\.plugins\org.eclipse.swt\EBWebView\Default
2026-09-16 21:18:41.917: [INFO] OnDoneLoading sync enabled: 0
2026-09-16 21:18:41.917: [INFO] BookmarkModelLoaded, ids_reassigned: 0
2026-09-16 21:18:41.917: [INFO] BookmarksLoadDropped droppedNodes=0
2026-09-16 21:18:41.917: [INFO] BookmarksSnapshot Startup total=0 bar=0 other=0 mobile=0 showBar=0 showBarNTP=1
2026-09-16 22:10:37.198: [INFO] BookmarksSnapshot Shutdown total=0 bar=0 other=0 mobile=0 showBar=0 showBarNTP=1
2026-09-17 19:12:52.079: [INFO] CurrentProfilePath: C:\Users\alex_\Desktop\Curso de Java\workspace\.metadata\.plugins\org.eclipse.swt\EBWebView\Default
2026-09-17 19:12:52.079: [INFO] Profiles total count: 1
2026-09-17 19:12:52.079: [INFO] Profile: name=Perfil 1 path=C:\Users\alex_\Desktop\Curso de Java\workspace\.metadata\.plugins\org.eclipse.swt\EBWebView\Default lastActive=null
2026-09-17 19:12:52.079: [INFO] LastUsedProfileDir: C:\Users\alex_\Desktop\Curso de Java\workspace\.metadata\.plugins\org.eclipse.swt\EBWebView\Default
2026-09-17 19:12:52.079: [INFO] OnDoneLoading sync enabled: 0
2026-09-17 19:12:52.079: [INFO] BookmarkModelLoaded, ids_reassigned: 0
2026-09-17 19:12:52.079: [INFO] BookmarksLoadDropped droppedNodes=0
2026-09-17 19:12:52.079: [INFO] BookmarksSnapshot Startup total=0 bar=0 other=0 mobile=0 showBar=0 showBarNTP=1
2026-09-17 19:24:59.186: [INFO] BookmarksSnapshot Shutdown total=0 bar=0 other=0 mobile=0 showBar=0 showBarNTP=1
2026-09-17 19:25:04.531: [INFO] CurrentProfilePath: C:\Users\alex_\Desktop\Curso de Java\workspace\.metadata\.plugins\org.eclipse.swt\EBWebView\Default
2026-09-17 19:25:04.531: [INFO] Profiles total count: 1
2026-09-17 19:25:04.531: [INFO] Profile: name=Perfil 1 path=C:\Users\alex_\Desktop\Curso de Java\workspace\.metadata\.plugins\org.eclipse.swt\EBWebView\Default lastActive=null
2026-09-17 19:25:04.531: [INFO] LastUsedProfileDir: C:\Users\alex_\Desktop\Curso de Java\workspace\.metadata\.plugins\org.eclipse.swt\EBWebView\Default
2026-09-17 19:25:04.531: [INFO] OnDoneLoading sync enabled: 0
2026-09-17 19:25:04.531: [INFO] BookmarkModelLoaded, ids_reassigned: 0
2026-09-17 19:25:04.531: [INFO] BookmarksLoadDropped droppedNodes=0
2026-09-17 19:25:04.531: [INFO] BookmarksSnapshot Startup total=0 bar=0 other=0 mobile=0 showBar=0 showBarNTP=1
2026-09-17 19:25:53.554: [INFO] BookmarksSnapshot Shutdown total=0 bar=0 other=0 mobile=0 showBar=0 showBarNTP=1
2026-09-17 19:26:36.748: [INFO] CurrentProfilePath: C:\Users\alex_\Desktop\Curso de Java\workspace\.metadata\.plugins\org.eclipse.swt\EBWebView\Default
2026-09-17 19:26:36.748: [INFO] Profiles total count: 1
2026-09-17 19:26:36.748: [INFO] Profile: name=Perfil 1 path=C:\Users\alex_\Desktop\Curso de Java\workspace\.metadata\.plugins\org.eclipse.swt\EBWebView\Default lastActive=null
2026-09-17 19:26:36.749: [INFO] LastUsedProfileDir: C:\Users\alex_\Desktop\Curso de Java\workspace\.metadata\.plugins\org.eclipse.swt\EBWebView\Default
2026-09-17 19:26:36.749: [INFO] OnDoneLoading sync enabled: 0
2026-09-17 19:26:36.749: [INFO] BookmarkModelLoaded, ids_reassigned: 0
2026-09-17 19:26:36.749: [INFO] BookmarksLoadDropped droppedNodes=0
2026-09-17 19:26:36.749: [INFO] BookmarksSnapshot Startup total=0 bar=0 other=0 mobile=0 showBar=0 showBarNTP=1
2026-09-17 19:28:32.651: [INFO] BookmarksSnapshot Shutdown total=0 bar=0 other=0 mobile=0 showBar=0 showBarNTP=1
2026-09-17 19:29:21.064: [INFO] CurrentProfilePath: C:\Users\alex_\Desktop\Curso de Java\workspace\.metadata\.plugins\org.eclipse.swt\EBWebView\Default
2026-09-17 19:29:21.064: [INFO] Profiles total count: 1
2026-09-17 19:29:21.064: [INFO] Profile: name=Perfil 1 path=C:\Users\alex_\Desktop\Curso de Java\workspace\.metadata\.plugins\org.eclipse.swt\EBWebView\Default lastActive=null
2026-09-17 19:29:21.064: [INFO] LastUsedProfileDir: C:\Users\alex_\Desktop\Curso de Java\workspace\.metadata\.plugins\org.eclipse.swt\EBWebView\Default
2026-09-17 19:29:21.064: [INFO] OnDoneLoading sync enabled: 0
2026-09-17 19:29:21.064: [INFO] BookmarkModelLoaded, ids_reassigned: 0
2026-09-17 19:29:21.064: [INFO] BookmarksLoadDropped droppedNodes=0
2026-09-17 19:29:21.064: [INFO] BookmarksSnapshot Startup total=0 bar=0 other=0 mobile=0 showBar=0 showBarNTP=1
2026-09-17 19:40:23.794: [INFO] BookmarksSnapshot Shutdown total=0 bar=0 other=0 mobile=0 showBar=0 showBarNTP=1
2026-09-19 00:40:22.289: [INFO] CurrentProfilePath: C:\Users\alex_\Desktop\Curso de Java\workspace\.metadata\.plugins\org.eclipse.swt\EBWebView\Default
2026-09-19 00:40:22.289: [INFO] Profiles total count: 1
2026-09-19 00:40:22.289: [INFO] Profile: name=Perfil 1 path=C:\Users\alex_\Desktop\Curso de Java\workspace\.metadata\.plugins\org.eclipse.swt\EBWebView\Default lastActive=null
2026-09-19 00:40:22.289: [INFO] LastUsedProfileDir: C:\Users\alex_\Desktop\Curso de Java\workspace\.metadata\.plugins\org.eclipse.swt\EBWebView\Default
2026-09-19 00:40:22.289: [INFO] OnDoneLoading sync enabled: 0
2026-09-19 00:40:22.289: [INFO] BookmarkModelLoaded, ids_reassigned: 0
2026-09-19 00:40:22.289: [INFO] BookmarksLoadDropped droppedNodes=0
2026-09-19 00:40:22.289: [INFO] BookmarksSnapshot Startup total=0 bar=0 other=0 mobile=0 showBar=0 showBarNTP=1
2026-09-19 00:40:34.103: [INFO] BookmarksSnapshot Shutdown total=0 bar=0 other=0 mobile=0 showBar=0 showBarNTP=1
2026-09-19 00:43:33.037: [INFO] CurrentProfilePath: C:\Users\alex_\Desktop\Curso de Java\workspace\.metadata\.plugins\org.eclipse.swt\EBWebView\Default
2026-09-19 00:43:33.037: [INFO] Profiles total count: 1
2026-09-19 00:43:33.037: [INFO] Profile: name=Perfil 1 path=C:\Users\alex_\Desktop\Curso de Java\workspace\.metadata\.plugins\org.eclipse.swt\EBWebView\Default lastActive=null
2026-09-19 00:43:33.037: [INFO] LastUsedProfileDir: C:\Users\alex_\Desktop\Curso de Java\workspace\.metadata\.plugins\org.eclipse.swt\EBWebView\Default
2026-09-19 00:43:33.037: [INFO] OnDoneLoading sync enabled: 0
2026-09-19 00:43:33.037: [INFO] BookmarkModelLoaded, ids_reassigned: 0
2026-09-19 00:43:33.037: [INFO] BookmarksLoadDropped droppedNodes=0
2026-09-19 00:43:33.037: [INFO] BookmarksSnapshot Startup total=0 bar=0 other=0 mobile=0 showBar=0 showBarNTP=1
2026-09-19 00:43:36.616: [INFO] BookmarksSnapshot Shutdown total=0 bar=0 other=0 mobile=0 showBar=0 showBarNTP=1
2026-09-19 00:43:37.715: [INFO] CurrentProfilePath: C:\Users\alex_\Desktop\Curso de Java\workspace\.metadata\.plugins\org.eclipse.swt\EBWebView\Default
2026-09-19 00:43:37.715: [INFO] Profiles total count: 1
2026-09-19 00:43:37.715: [INFO] Profile: name=Perfil 1 path=C:\Users\alex_\Desktop\Curso de Java\workspace\.metadata\.plugins\org.eclipse.swt\EBWebView\Default lastActive=null
2026-09-19 00:43:37.715: [INFO] LastUsedProfileDir: C:\Users\alex_\Desktop\Curso de Java\workspace\.metadata\.plugins\org.eclipse.swt\EBWebView\Default
2026-09-19 00:43:37.715: [INFO] OnDoneLoading sync enabled: 0
2026-09-19 00:43:37.715: [INFO] BookmarkModelLoaded, ids_reassigned: 0
2026-09-19 00:43:37.715: [INFO] BookmarksLoadDropped droppedNodes=0
2026-09-19 00:43:37.715: [INFO] BookmarksSnapshot Startup total=0 bar=0 other=0 mobile=0 showBar=0 showBarNTP=1
2026-09-19 00:44:26.230: [INFO] BookmarksSnapshot Shutdown total=0 bar=0 other=0 mobile=0 showBar=0 showBarNTP=1
2026-09-19 00:44:26.322: [INFO] CurrentProfilePath: C:\Users\alex_\Desktop\Curso de Java\workspace\.metadata\.plugins\org.eclipse.swt\EBWebView\Default
2026-09-19 00:44:26.322: [INFO] Profiles total count: 1
2026-09-19 00:44:26.322: [INFO] Profile: name=Perfil 1 path=C:\Users\alex_\Desktop\Curso de Java\workspace\.metadata\.plugins\org.eclipse.swt\EBWebView\Default lastActive=null
2026-09-19 00:44:26.322: [INFO] LastUsedProfileDir: C:\Users\alex_\Desktop\Curso de Java\workspace\.metadata\.plugins\org.eclipse.swt\EBWebView\Default
2026-09-19 00:44:26.322: [INFO] OnDoneLoading sync enabled: 0
2026-09-19 00:44:26.322: [INFO] BookmarkModelLoaded, ids_reassigned: 0
2026-09-19 00:44:26.322: [INFO] BookmarksLoadDropped droppedNodes=0
2026-09-19 00:44:26.322: [INFO] BookmarksSnapshot Startup total=0 bar=0 other=0 mobile=0 showBar=0 showBarNTP=1
2026-09-19 00:44:30.530: [INFO] BookmarksSnapshot Shutdown total=0 bar=0 other=0 mobile=0 showBar=0 showBarNTP=1
2026-09-19 00:44:30.611: [INFO] CurrentProfilePath: C:\Users\alex_\Desktop\Curso de Java\workspace\.metadata\.plugins\org.eclipse.swt\EBWebView\Default
2026-09-19 00:44:30.611: [INFO] Profiles total count: 1
2026-09-19 00:44:30.611: [INFO] Profile: name=Perfil 1 path=C:\Users\alex_\Desktop\Curso de Java\workspace\.metadata\.plugins\org.eclipse.swt\EBWebView\Default lastActive=null
2026-09-19 00:44:30.611: [INFO] LastUsedProfileDir: C:\Users\alex_\Desktop\Curso de Java\workspace\.metadata\.plugins\org.eclipse.swt\EBWebView\Default
2026-09-19 00:44:30.611: [INFO] OnDoneLoading sync enabled: 0
2026-09-19 00:44:30.611: [INFO] BookmarkModelLoaded, ids_reassigned: 0
2026-09-19 00:44:30.611: [INFO] BookmarksLoadDropped droppedNodes=0
2026-09-19 00:44:30.611: [INFO] BookmarksSnapshot Startup total=0 bar=0 other=0 mobile=0 showBar=0 showBarNTP=1
2026-09-19 00:44:31.804: [INFO] BookmarksSnapshot Shutdown total=0 bar=0 other=0 mobile=0 showBar=0 showBarNTP=1
2026-09-19 00:44:31.897: [INFO] CurrentProfilePath: C:\Users\alex_\Desktop\Curso de Java\workspace\.metadata\.plugins\org.eclipse.swt\EBWebView\Default
2026-09-19 00:44:31.897: [INFO] Profiles total count: 1
2026-09-19 00:44:31.897: [INFO] Profile: name=Perfil 1 path=C:\Users\alex_\Desktop\Curso de Java\workspace\.metadata\.plugins\org.eclipse.swt\EBWebView\Default lastActive=null
2026-09-19 00:44:31.897: [INFO] LastUsedProfileDir: C:\Users\alex_\Desktop\Curso de Java\workspace\.metadata\.plugins\org.eclipse.swt\EBWebView\Default
2026-09-19 00:44:31.897: [INFO] OnDoneLoading sync enabled: 0
2026-09-19 00:44:31.897: [INFO] BookmarkModelLoaded, ids_reassigned: 0
2026-09-19 00:44:31.897: [INFO] BookmarksLoadDropped droppedNodes=0
2026-09-19 00:44:31.897: [INFO] BookmarksSnapshot Startup total=0 bar=0 other=0 mobile=0 showBar=0 showBarNTP=1
2026-09-19 00:45:12.771: [INFO] BookmarksSnapshot Shutdown total=0 bar=0 other=0 mobile=0 showBar=0 showBarNTP=1
